16:44:02.989 MicRecorder: init audioInputDeviceId=0 usbVidPid=0000:0000
16:44:03.071 MicRecorder: AudioRecord(VOICE_RECOGNITION) using system default mic
16:44:03.078 PskReporterSender: start
16:44:03.097 QsoAutoSync: skip (app-start): enabled=false
16:44:03.101 === APP START ===
16:44:03.101 QsoAutoSync: skip (network-available): enabled=false
16:44:03.101 UsbAudioNative: ft8af_usb (libusb 1.0.27.11882)
16:44:03.924 configLoaded: instructionSet=0, baudRate=19200, controlMode=0, connectMode=0
16:44:03.955 initData: scanning USB devices
16:44:03.958 initData: found 0 serial port(s)
16:44:03.958 autoConnect: no serial ports detected
16:44:03.959 MicRecorder: reinit AudioRecord(VOICE_RECOGNITION)
16:44:03.970 autoConnectBT: decision=NOT_BT_MODE addr=<none> connectMode=0
16:44:05.264 Pota: polling started (subscribers=1)
16:44:05.907 Pota: spots ok N=24 (filter=FT8)
16:44:06.234 onRequestPermissionsResult: BLUETOOTH_CONNECT granted, retrying BT auto-connect
16:44:06.235 autoConnectBT: decision=NOT_BT_MODE addr=<none> connectMode=0
16:44:06.971 initData delayed: rigConnected=false
16:44:06.973 initData delayed: found 0 serial port(s)
16:44:06.973 MicRecorder: reinit AudioRecord(VOICE_RECOGNITION)
16:44:07.003 autoConnect: no serial ports detected
16:44:07.137 Pota: polling stopped
16:44:16.776 PskReporterSender: stop (0 spots pending)
16:44:20.041 === APP START ===
16:44:20.041 QsoAutoSync: skip (network-available): enabled=true
16:44:20.041 UsbAudioNative: ft8af_usb (libusb 1.0.27.11882)
16:44:20.042 autoConnect: no serial ports detected
16:44:20.048 QsoAutoSync: nothing pending (app-start)
16:44:21.897 Pota: polling started (subscribers=1)
16:44:21.984 Pota: spots ok N=24 (filter=FT8)
16:46:06.298 MicRecorder: init audioInputDeviceId=0 usbVidPid=0000:0000
16:46:06.564 MicRecorder: AudioRecord(VOICE_RECOGNITION) using system default mic
16:46:06.595 PskReporterSender: start
16:46:06.658 QsoAutoSync: skip (app-start): enabled=false
16:46:06.659 QsoAutoSync: skip (network-available): enabled=false
16:46:06.661 === APP START ===
16:46:06.662 UsbAudioNative: ft8af_usb (libusb 1.0.27.11882)
16:46:07.156 configLoaded: instructionSet=19, baudRate=38400, controlMode=1, connectMode=0
16:46:07.358 initData: scanning USB devices
16:46:07.396 autoConnect: no serial ports detected
16:46:07.397 initData: found 0 serial port(s)
16:46:07.439 openUsbAudioInput: device not found by VID:PID 0D8C:0012
16:46:07.440 MicRecorder: reinit AudioRecord(VOICE_RECOGNITION)
16:46:07.744 autoConnectBT: decision=NOT_BT_MODE addr=<none> connectMode=0
16:46:08.657 Pota: polling started (subscribers=1)
16:46:08.965 Pota: spots ok N=25 (filter=FT8)
16:46:10.751 initData delayed: rigConnected=false
16:46:10.752 initData delayed: found 0 serial port(s)
16:46:10.794 openUsbAudioInput: device not found by VID:PID 0D8C:0012
16:46:10.795 MicRecorder: reinit AudioRecord(VOICE_RECOGNITION)
16:46:10.844 autoConnect: no serial ports detected
16:46:14.724 Pota: polling stopped
16:46:15.134 QrzWeb: K1AF -> https://cdn-bio.qrz.com/f/k1af/_0ef9_4b88_93a9_c683ec71c289_png.jpg?p=6c5a392cab0512af5779ce2028f21c2c
16:46:20.416 onNewIntent: USB_DEVICE_ATTACHED
16:46:20.420 onNewIntent: attached device is configured USB audio; ensuring permission
16:46:20.422 onNewIntent: immediate scan found 0 port(s)
16:46:20.423 autoConnect: connecting to port 0 of 2 (instructionSet=19, baudRate=38400, controlMode=1)
16:46:21.455 setOperationBand: rig not connected, skipping
16:46:22.434 onNewIntent delayed: rigConnected=true
16:46:22.459 openUsbAudioInput: found device 0D8C:0012 name=USB Audio Device
16:46:22.462 UsbAudioDevice: UAC alt-setting select — iface 2 alt 1 rate 48000 ch 1 (preferred 48000, was alt 1)
16:46:22.465 openUsbAudioInput: SUCCESS at 48000 Hz
16:46:22.466 UsbAudioDevice: trying libusb native capture fd=135 iface=2 alt=1 ep=0x82 maxPkt=100 inputRate=48000 ch=1 targetRate=12000
16:46:22.468 UsbAudioDevice: libusb capture started OK
16:46:22.476 startUsbCapture: first audio data received, USB stream is live
16:46:23.935 setOperationBand: sending USB mode, then freq=14074000 in 800ms (controlMode=1)
16:46:23.936 serial.send[5]: MD0C; | hex: 4D 44 30 43 3B
16:46:23.937 serial.send: write completed OK
16:46:23.938 serial.send[12]: NA00;SH0117; | hex: 4E 41 30 30 3B 53 48 30 31 31 37 3B
16:46:23.938 serial.send: write completed OK
16:46:23.939 setUsbModeToRig: mode=DATA-USB, sent NA00;SH0117 (3000Hz)
16:46:24.756 setOperationBand: setting freq=14150700 (rig.getFreq=14150700)
16:46:24.757 serial.send[12]: FA014150700; | hex: 46 41 30 31 34 31 35 30 37 30 30 3B
16:46:24.758 serial.send: write completed OK
16:46:24.855 onNewIntent: USB_DEVICE_ATTACHED
16:46:24.857 onNewIntent: immediate scan found 2 port(s)
16:46:24.857 autoConnect: rig already connected, skipping
16:46:26.874 onNewIntent delayed: rigConnected=true
16:46:26.876 UsbAudioDevice: libusb capture stopped, code=0 (clean stop (nativeStop))
16:46:26.876 startUsbCapture: capture STOPPED (sawData=true aliveMs=4410 failure=true consecFailures=1)
16:46:26.877 startUsbCapture: backing off 2000ms before USB reinit (consecFailures=1)
16:46:28.878 startUsbCapture: not re-arming USB capture (isRunning=false)
16:46:28.886 openUsbAudioInput: found device 0D8C:0012 name=USB Audio Device
16:46:28.888 UsbAudioDevice: UAC alt-setting select — iface 2 alt 1 rate 48000 ch 1 (preferred 48000, was alt 1)
16:46:28.893 openUsbAudioInput: SUCCESS at 48000 Hz
16:46:28.894 UsbAudioDevice: trying libusb native capture fd=135 iface=2 alt=1 ep=0x82 maxPkt=100 inputRate=48000 ch=1 targetRate=12000
16:46:28.896 UsbAudioDevice: libusb capture started OK
16:46:28.903 bandSelect: index=20, band=14074000, controlMode=1, rigConnected=true
16:46:28.904 setOperationBand: sending USB mode, then freq=14074000 in 800ms (controlMode=1)
16:46:28.905 startUsbCapture: first audio data received, USB stream is live
16:46:28.905 serial.send[5]: MD0C; | hex: 4D 44 30 43 3B
16:46:28.906 serial.send: write completed OK
16:46:28.906 serial.send[12]: NA00;SH0117; | hex: 4E 41 30 30 3B 53 48 30 31 31 37 3B
16:46:28.907 serial.send: write completed OK
16:46:28.907 setUsbModeToRig: mode=DATA-USB, sent NA00;SH0117 (3000Hz)
16:46:28.949 bandSelect: index=20, band=14074000, controlMode=1, rigConnected=true
16:46:28.950 setOperationBand: sending USB mode, then freq=14074000 in 800ms (controlMode=1)
16:46:28.950 serial.send[5]: MD0C; | hex: 4D 44 30 43 3B
16:46:28.951 serial.send: write completed OK
16:46:28.952 serial.send[12]: NA00;SH0117; | hex: 4E 41 30 30 3B 53 48 30 31 31 37 3B
16:46:28.952 serial.send: write completed OK
16:46:28.953 setUsbModeToRig: mode=DATA-USB, sent NA00;SH0117 (3000Hz)
16:46:29.723 setOperationBand: setting freq=14074000 (rig.getFreq=14150700)
16:46:29.724 serial.send[12]: FA014074000; | hex: 46 41 30 31 34 30 37 34 30 30 30 3B
16:46:29.725 serial.send: write completed OK
16:46:29.753 setOperationBand: setting freq=14074000 (rig.getFreq=14074000)
16:46:29.754 serial.send[12]: FA014074000; | hex: 46 41 30 31 34 30 37 34 30 30 30 3B
16:46:29.755 serial.send: write completed OK
16:46:38.996 QSO: setTransmit to=CQ order=6 slot=1
16:46:43.569 DECODE: kept=15 ownEcho=0 junk=0 replyToMe=false slot=0
16:46:43.572 CQ_DEBUG i3=1 n3=2 to=[CQ] from=[KE7RRO] extra=[CN86] modifier=[null] msgText=[CQ KE7RRO CN86]
16:46:43.572 CQ_DEBUG i3=1 n3=5 to=[CQ] from=[K7LNY] extra=[DM37] modifier=[null] msgText=[CQ K7LNY DM37]
16:46:43.573 CQ_DEBUG i3=4 n3=1 to=[CQ] from=[W5C/D] extra=[] modifier=[null] msgText=[CQ W5C/D]
16:46:43.573 CQ_DEBUG i3=1 n3=0 to=[CQ] from=[K3GIL] extra=[FN20] modifier=[null] msgText=[CQ K3GIL FN20]
16:46:43.574 CQ_DEBUG i3=1 n3=6 to=[CQ] from=[N8JCK] extra=[EN82] modifier=[null] msgText=[CQ N8JCK EN82]
16:46:43.574 CQ_DEBUG i3=1 n3=7 to=[CQ] from=[WU8T] extra=[CN83] modifier=[null] msgText=[CQ WU8T CN83]
16:46:43.575 QSO: cycle slot=1 order=6 newOrder=-1 to=CQ noReply=0/0
16:46:43.575 QSO: auto-follow CQ from WU8T (Hunt=true)
16:46:43.576 QSO: setTransmit to=WU8T order=1 slot=1
16:46:43.586 PskReporterSender: enqueued 15 spots (queue=15)
16:46:44.175 CQ_DEBUG i3=1 n3=2 to=[CQ] from=[N4NJJ] extra=[DM26] modifier=[null] msgText=[CQ N4NJJ DM26]
16:46:44.176 QSO: cycle(deep) slot=1 order=1 newOrder=-1 to=WU8T noReply=0/0
16:46:44.178 PskReporterSender: enqueued 2 spots (queue=17)
16:46:44.858 QSO: TX slot=1 order=1 msg=[WU8T K1AF EM28]
16:46:44.861 serial.send[4]: TX1; | hex: 54 58 31 3B
16:46:44.862 serial.send: write completed OK
16:46:44.972 playFT8Signal: TX path branch: audioOutputDeviceId=-1 usbAudioOutputVidPid=0D8C:0012 volume=37% autoVolume=false
16:46:44.973 playFT8Signal: using USB audio (direct) output
16:46:44.973 playViaUsbAudio: start, VID=0D8C PID=0012 samples=151680 rate=12000
16:46:44.981 playViaUsbAudio: device opened, output activated at 48000 Hz
16:46:44.985 playViaUsbAudio: calling writeAudio playLength=151680 rate=12000
16:46:45.046 UsbAudioDevice: trying libusb native write fd=111 iface=1 alt=1 ep=0x01 maxPkt=200 bytes=2426880 outputRate=48000 ch=2
16:46:45.250 PskReporterSender: enqueued 4 spots (queue=21)
16:46:57.689 UsbAudioDevice: libusb native write OK
16:46:57.693 playViaUsbAudio: writeAudio returned OK
16:46:57.697 serial.send[4]: TX0; | hex: 54 58 30 3B
16:46:57.698 serial.send: write completed OK
16:46:58.456 DECODE: kept=0 ownEcho=1 junk=0 replyToMe=false slot=1
16:47:13.539 DECODE: kept=9 ownEcho=0 junk=0 replyToMe=false slot=0
16:47:13.541 CQ_DEBUG i3=1 n3=5 to=[CQ] from=[KG5SFT] extra=[EL09] modifier=[null] msgText=[CQ KG5SFT EL09]
16:47:13.541 CQ_DEBUG i3=4 n3=1 to=[CQ] from=[W5C/D] extra=[] modifier=[null] msgText=[CQ W5C/D]
16:47:13.542 QSO: cycle slot=1 order=1 newOrder=-1 to=WU8T noReply=0/0
16:47:13.543 QSO: no-reply 1 (order=1 to=WU8T)
16:47:13.543 QSO: cycle(deep) slot=1 order=1 newOrder=-1 to=WU8T noReply=1/0
16:47:13.555 PskReporterSender: enqueued 4 spots (queue=25)
16:47:14.161 CQ_DEBUG i3=1 n3=2 to=[CQ] from=[N4NJJ] extra=[DM26] modifier=[null] msgText=[CQ N4NJJ DM26]
16:47:14.162 CQ_DEBUG i3=1 n3=0 to=[CQ] from=[K3GIL] extra=[FN20] modifier=[null] msgText=[CQ K3GIL FN20]
16:47:14.163 QSO: cycle(deep) slot=1 order=1 newOrder=-1 to=WU8T noReply=1/0
16:47:14.864 QSO: TX slot=1 order=1 msg=[WU8T K1AF EM28]
16:47:14.866 serial.send[4]: TX1; | hex: 54 58 31 3B
16:47:14.867 serial.send: write completed OK
16:47:14.983 playFT8Signal: TX path branch: audioOutputDeviceId=-1 usbAudioOutputVidPid=0D8C:0012 volume=37% autoVolume=false
16:47:14.984 playFT8Signal: using USB audio (direct) output
16:47:14.985 playViaUsbAudio: start, VID=0D8C PID=0012 samples=151680 rate=12000
16:47:15.033 playViaUsbAudio: device opened, output activated at 48000 Hz
16:47:15.036 playViaUsbAudio: calling writeAudio playLength=151680 rate=12000
16:47:15.074 UsbAudioDevice: trying libusb native write fd=111 iface=1 alt=1 ep=0x01 maxPkt=200 bytes=2426880 outputRate=48000 ch=2
16:47:27.725 UsbAudioDevice: libusb native write OK
16:47:27.731 playViaUsbAudio: writeAudio returned OK
16:47:27.734 serial.send[4]: TX0; | hex: 54 58 30 3B
16:47:27.736 serial.send: write completed OK
16:47:28.470 DECODE: kept=0 ownEcho=1 junk=0 replyToMe=false slot=1
16:47:35.419 QsoAutoSync: nothing pending (network-available)
16:47:43.585 DECODE: kept=12 ownEcho=0 junk=0 replyToMe=false slot=0
16:47:43.587 CQ_DEBUG i3=1 n3=0 to=[CQ] from=[K3GIL] extra=[FN20] modifier=[null] msgText=[CQ K3GIL FN20]
16:47:43.588 CQ_DEBUG i3=4 n3=1 to=[CQ] from=[W5C/D] extra=[] modifier=[null] msgText=[CQ W5C/D]
16:47:43.588 CQ_DEBUG i3=1 n3=5 to=[CQ] from=[WO8E] extra=[EN73] modifier=[null] msgText=[CQ WO8E EN73]
16:47:43.589 QSO: cycle slot=1 order=1 newOrder=-1 to=WU8T noReply=1/0
16:47:43.592 QSO: no-reply 2 (order=1 to=WU8T)
16:47:43.596 PskReporterSender: enqueued 4 spots (queue=29)
16:47:44.257 CQ_DEBUG i3=1 n3=6 to=[CQ] from=[N8JCK] extra=[EN82] modifier=[null] msgText=[CQ N8JCK EN82]
16:47:44.258 QSO: cycle(deep) slot=1 order=1 newOrder=-1 to=WU8T noReply=2/0
16:47:44.260 PskReporterSender: enqueued 1 spots (queue=30)
16:47:44.859 QSO: TX slot=1 order=1 msg=[WU8T K1AF EM28]
16:47:44.861 serial.send[4]: TX1; | hex: 54 58 31 3B
16:47:44.862 serial.send: write completed OK
16:47:44.983 playFT8Signal: TX path branch: audioOutputDeviceId=-1 usbAudioOutputVidPid=0D8C:0012 volume=37% autoVolume=false
16:47:44.984 playFT8Signal: using USB audio (direct) output
16:47:44.985 playViaUsbAudio: start, VID=0D8C PID=0012 samples=151680 rate=12000
16:47:45.047 playViaUsbAudio: device opened, output activated at 48000 Hz
16:47:45.057 playViaUsbAudio: calling writeAudio playLength=151680 rate=12000
16:47:45.131 UsbAudioDevice: trying libusb native write fd=111 iface=1 alt=1 ep=0x01 maxPkt=200 bytes=2426880 outputRate=48000 ch=2
16:47:57.780 UsbAudioDevice: libusb native write OK
16:47:57.786 playViaUsbAudio: writeAudio returned OK
16:47:57.792 serial.send[4]: TX0; | hex: 54 58 30 3B
16:47:57.793 serial.send: write completed OK
16:47:58.481 DECODE: kept=0 ownEcho=1 junk=0 replyToMe=false slot=1
16:48:13.919 DECODE: kept=13 ownEcho=0 junk=0 replyToMe=false slot=0
16:48:13.953 CQ_DEBUG i3=4 n3=1 to=[CQ] from=[W5C/D] extra=[] modifier=[null] msgText=[CQ W5C/D]
16:48:13.954 CQ_DEBUG i3=1 n3=4 to=[CQ] from=[K0C] extra=[EM28] modifier=[null] msgText=[CQ K0C EM28]
16:48:13.954 CQ_DEBUG i3=1 n3=0 to=[CQ] from=[K3GIL] extra=[FN20] modifier=[null] msgText=[CQ K3GIL FN20]
16:48:13.955 CQ_DEBUG i3=1 n3=5 to=[CQ] from=[WO8E] extra=[EN73] modifier=[null] msgText=[CQ WO8E EN73]
16:48:13.966 CQ_DEBUG i3=1 n3=6 to=[CQ] from=[N8JCK] extra=[EN82] modifier=[null] msgText=[CQ N8JCK EN82]
16:48:13.967 CQ_DEBUG i3=1 n3=0 to=[CQ] from=[KC2HRG] extra=[FN20] modifier=[null] msgText=[CQ KC2HRG FN20]
16:48:13.969 QSO: cycle slot=1 order=1 newOrder=-1 to=WU8T noReply=2/0
16:48:13.978 QSO: no-reply 3 (order=1 to=WU8T)
16:48:13.980 QSO: cycle(deep) slot=1 order=1 newOrder=-1 to=WU8T noReply=3/0
16:48:14.066 PskReporterSender: enqueued 2 spots (queue=32)
16:48:14.864 QSO: TX slot=1 order=1 msg=[WU8T K1AF EM28]
16:48:14.868 serial.send[4]: TX1; | hex: 54 58 31 3B
16:48:14.871 serial.send: write completed OK
16:48:15.017 playFT8Signal: TX path branch: audioOutputDeviceId=-1 usbAudioOutputVidPid=0D8C:0012 volume=37% autoVolume=false
16:48:15.019 playFT8Signal: using USB audio (direct) output
16:48:15.019 playViaUsbAudio: start, VID=0D8C PID=0012 samples=151680 rate=12000
16:48:15.077 playViaUsbAudio: device opened, output activated at 48000 Hz
16:48:15.106 playViaUsbAudio: calling writeAudio playLength=151680 rate=12000
16:48:15.233 UsbAudioDevice: trying libusb native write fd=111 iface=1 alt=1 ep=0x01 maxPkt=200 bytes=2426880 outputRate=48000 ch=2
16:48:15.706 PskReporterSender: enqueued 1 spots (queue=33)
16:48:17.849 PskReporterSender: enqueued 1 spots (queue=34)
16:48:28.025 UsbAudioDevice: libusb native write OK
16:48:28.039 playViaUsbAudio: writeAudio returned OK
16:48:28.051 serial.send[4]: TX0; | hex: 54 58 30 3B
16:48:28.057 serial.send: write completed OK
16:48:42.645 PskReporter: fetch start call=K1AF secondsBack=3600 mode=FT8 byReceiver=false
16:48:43.584 PskReporter: parse: skipped noGrid=0 badGrid=67 badAttr=0
16:48:43.585 PskReporter: fetch ok N=245
16:48:43.604 DECODE: kept=13 ownEcho=0 junk=0 replyToMe=false slot=0
16:48:43.605 CQ_DEBUG i3=1 n3=0 to=[CQ] from=[K3GIL] extra=[FN20] modifier=[null] msgText=[CQ K3GIL FN20]
16:48:43.606 CQ_DEBUG i3=4 n3=1 to=[CQ] from=[W5C/D] extra=[] modifier=[null] msgText=[CQ W5C/D]
16:48:43.606 CQ_DEBUG i3=1 n3=4 to=[CQ] from=[K0C] extra=[EM28] modifier=[null] msgText=[CQ K0C EM28]
16:48:43.607 CQ_DEBUG i3=1 n3=5 to=[CQ] from=[KG5SFT] extra=[EL09] modifier=[null] msgText=[CQ KG5SFT EL09]
16:48:43.607 QSO: cycle slot=1 order=1 newOrder=-1 to=WU8T noReply=3/0
16:48:43.608 QSO: no-reply 4 (order=1 to=WU8T)
16:48:43.609 QSO: cycle(deep) slot=1 order=1 newOrder=-1 to=WU8T noReply=4/0
16:48:43.610 PskReporterSender: enqueued 2 spots (queue=36)
16:48:44.046 CQ_DEBUG i3=1 n3=6 to=[CQ] from=[N8JCK] extra=[EN82] modifier=[null] msgText=[CQ N8JCK EN82]
16:48:44.048 QSO: cycle(deep) slot=1 order=1 newOrder=-1 to=WU8T noReply=4/0
16:48:44.865 QSO: TX slot=1 order=1 msg=[WU8T K1AF EM28]
16:48:44.867 serial.send[4]: TX1; | hex: 54 58 31 3B
16:48:44.868 serial.send: write completed OK
16:48:44.979 playFT8Signal: TX path branch: audioOutputDeviceId=-1 usbAudioOutputVidPid=0D8C:0012 volume=37% autoVolume=false
16:48:44.980 playFT8Signal: using USB audio (direct) output
16:48:44.981 playViaUsbAudio: start, VID=0D8C PID=0012 samples=151680 rate=12000
16:48:44.991 CQ_DEBUG i3=1 n3=5 to=[CQ] from=[WO8E] extra=[EN73] modifier=[null] msgText=[CQ WO8E EN73]
16:48:45.023 playViaUsbAudio: device opened, output activated at 48000 Hz
16:48:45.025 playViaUsbAudio: calling writeAudio playLength=151680 rate=12000
16:48:45.086 UsbAudioDevice: trying libusb native write fd=132 iface=1 alt=1 ep=0x01 maxPkt=200 bytes=2426880 outputRate=48000 ch=2
16:48:50.062 UsbAudioDevice: libusb native write OK
16:48:50.064 playViaUsbAudio: writeAudio returned OK
16:48:50.070 serial.send[4]: TX0; | hex: 54 58 30 3B
16:48:50.072 serial.send: write completed OK
16:48:58.519 DECODE: kept=2 ownEcho=0 junk=0 replyToMe=false slot=1
16:48:58.521 QSO: skip cycle, newest decode in own slot 1
16:48:58.521 QSO: cycle(deep) slot=1 order=6 newOrder=-1 to=CQ noReply=0/0
16:48:58.523 PskReporterSender: enqueued 2 spots (queue=38)
16:48:59.329 QSO: cycle(deep) slot=1 order=6 newOrder=-1 to=CQ noReply=0/0
16:48:59.337 PskReporterSender: enqueued 9 spots (queue=47)
16:49:00.780 QSO: cycle(deep) slot=1 order=6 newOrder=-1 to=CQ noReply=0/0
16:49:00.782 PskReporterSender: enqueued 1 spots (queue=48)
16:49:13.561 DECODE: kept=10 ownEcho=0 junk=0 replyToMe=false slot=0
16:49:13.562 CQ_DEBUG i3=4 n3=1 to=[CQ] from=[W5C/D] extra=[] modifier=[null] msgText=[CQ W5C/D]
16:49:13.563 CQ_DEBUG i3=1 n3=0 to=[CQ] from=[K3GIL] extra=[FN20] modifier=[null] msgText=[CQ K3GIL FN20]
16:49:13.564 CQ_DEBUG i3=1 n3=4 to=[CQ] from=[K0C] extra=[EM28] modifier=[null] msgText=[CQ K0C EM28]
16:49:13.564 QSO: cycle slot=1 order=6 newOrder=-1 to=CQ noReply=0/0
16:49:13.566 PskReporterSender: enqueued 1 spots (queue=49)
16:49:14.089 CQ_DEBUG i3=1 n3=1 to=[CQ] from=[KN7E] extra=[DM33] modifier=[null] msgText=[CQ KN7E DM33]
16:49:14.090 CQ_DEBUG i3=1 n3=5 to=[CQ] from=[WO8E] extra=[EN73] modifier=[null] msgText=[CQ WO8E EN73]
16:49:14.091 CQ_DEBUG i3=1 n3=2 to=[CQ] from=[N4NJJ] extra=[DM26] modifier=[null] msgText=[CQ N4NJJ DM26]
16:49:14.091 QSO: cycle(deep) slot=1 order=6 newOrder=-1 to=CQ noReply=0/0
16:49:14.865 QSO: TX slot=1 order=6 msg=[CQ K1AF EM28]
16:49:14.869 serial.send[4]: TX1; | hex: 54 58 31 3B
16:49:14.870 serial.send: write completed OK
16:49:14.996 playFT8Signal: TX path branch: audioOutputDeviceId=-1 usbAudioOutputVidPid=0D8C:0012 volume=37% autoVolume=false
16:49:14.998 playFT8Signal: using USB audio (direct) output
16:49:14.999 playViaUsbAudio: start, VID=0D8C PID=0012 samples=151680 rate=12000
16:49:15.010 playViaUsbAudio: device opened, output activated at 48000 Hz
16:49:15.014 playViaUsbAudio: calling writeAudio playLength=151680 rate=12000
16:49:15.077 UsbAudioDevice: trying libusb native write fd=132 iface=1 alt=1 ep=0x01 maxPkt=200 bytes=2426880 outputRate=48000 ch=2
16:49:15.303 PskReporterSender: enqueued 3 spots (queue=52)
16:49:27.762 UsbAudioDevice: libusb native write OK
16:49:27.765 playViaUsbAudio: writeAudio returned OK
16:49:27.770 serial.send[4]: TX0; | hex: 54 58 30 3B
16:49:27.771 serial.send: write completed OK
16:49:28.430 DECODE: kept=0 ownEcho=1 junk=0 replyToMe=false slot=1
16:49:43.595 DECODE: kept=16 ownEcho=0 junk=0 replyToMe=false slot=0
16:49:43.597 CQ_DEBUG i3=4 n3=1 to=[CQ] from=[W5C/D] extra=[] modifier=[null] msgText=[CQ W5C/D]
16:49:43.598 CQ_DEBUG i3=1 n3=4 to=[CQ] from=[K0C] extra=[EM28] modifier=[null] msgText=[CQ K0C EM28]
16:49:43.599 CQ_DEBUG i3=1 n3=0 to=[CQ] from=[K3GIL] extra=[FN20] modifier=[null] msgText=[CQ K3GIL FN20]
16:49:43.600 CQ_DEBUG i3=1 n3=7 to=[CQ] from=[WU8T] extra=[CN83] modifier=[null] msgText=[CQ WU8T CN83]
16:49:43.600 CQ_DEBUG i3=1 n3=5 to=[CQ] from=[WO8E] extra=[EN73] modifier=[null] msgText=[CQ WO8E EN73]
16:49:43.602 QSO: cycle slot=1 order=6 newOrder=-1 to=CQ noReply=0/0
16:49:43.605 QSO: cycle(deep) slot=1 order=6 newOrder=-1 to=CQ noReply=0/0
16:49:43.608 PskReporterSender: enqueued 3 spots (queue=55)
16:49:44.409 QSO: cycle(deep) slot=1 order=6 newOrder=-1 to=CQ noReply=0/0
16:49:44.865 QSO: TX slot=1 order=6 msg=[CQ K1AF EM28]
16:49:44.867 serial.send[4]: TX1; | hex: 54 58 31 3B
16:49:44.868 serial.send: write completed OK
16:49:44.975 playFT8Signal: TX path branch: audioOutputDeviceId=-1 usbAudioOutputVidPid=0D8C:0012 volume=37% autoVolume=false
16:49:44.976 playFT8Signal: using USB audio (direct) output
16:49:44.976 playViaUsbAudio: start, VID=0D8C PID=0012 samples=151680 rate=12000
16:49:44.981 playViaUsbAudio: device opened, output activated at 48000 Hz
16:49:44.982 playViaUsbAudio: calling writeAudio playLength=151680 rate=12000
16:49:45.006 UsbAudioDevice: trying libusb native write fd=132 iface=1 alt=1 ep=0x01 maxPkt=200 bytes=2426880 outputRate=48000 ch=2
16:49:45.423 CQ_DEBUG i3=1 n3=7 to=[CQ] from=[9A5E] extra=[JN75] modifier=[null] msgText=[CQ 9A5E JN75]
16:49:57.649 UsbAudioDevice: libusb native write OK
16:49:57.653 playViaUsbAudio: writeAudio returned OK
16:49:57.658 serial.send[4]: TX0; | hex: 54 58 30 3B
16:49:57.661 serial.send: write completed OK
16:49:58.445 DECODE: kept=0 ownEcho=1 junk=0 replyToMe=false slot=1
16:50:13.475 DECODE: kept=15 ownEcho=0 junk=0 replyToMe=true slot=0
16:50:13.476 CQ_DEBUG i3=1 n3=4 to=[CQ] from=[K0C] extra=[EM28] modifier=[null] msgText=[CQ K0C EM28]
16:50:13.477 CQ_DEBUG i3=4 n3=1 to=[CQ] from=[W5C/D] extra=[] modifier=[null] msgText=[CQ W5C/D]
16:50:13.477 CQ_DEBUG i3=1 n3=0 to=[CQ] from=[K3GIL] extra=[FN20] modifier=[null] msgText=[CQ K3GIL FN20]
16:50:13.478 CQ_DEBUG i3=1 n3=0 to=[CQ] from=[KC2HRG] extra=[FN20] modifier=[null] msgText=[CQ KC2HRG FN20]
16:50:13.479 QSO: cycle slot=1 order=6 newOrder=-1 to=CQ noReply=0/0
16:50:13.480 QSO: setTransmit to=W2BCC order=2 slot=1
16:50:13.480 QSO: cycle(deep) slot=1 order=2 newOrder=-1 to=W2BCC noReply=0/0
16:50:13.482 PskReporterSender: enqueued 3 spots (queue=58)
16:50:13.778 CQ_DEBUG i3=1 n3=7 to=[CQ] from=[WU8T] extra=[CN83] modifier=[null] msgText=[CQ WU8T CN83]
16:50:13.779 CQ_DEBUG i3=1 n3=4 to=[CQ] from=[KJ5ODS] extra=[EM12] modifier=[null] msgText=[CQ KJ5ODS EM12]
16:50:13.779 QSO: cycle(deep) slot=1 order=2 newOrder=-1 to=W2BCC noReply=0/0
16:50:13.780 PskReporterSender: enqueued 1 spots (queue=59)
16:50:14.612 CQ_DEBUG i3=1 n3=7 to=[CQ] from=[9A5E] extra=[JN75] modifier=[null] msgText=[CQ 9A5E JN75]
16:50:14.613 CQ_DEBUG i3=1 n3=2 to=[CQ] from=[HI8ERQ] extra=[FK58] modifier=[null] msgText=[CQ HI8ERQ FK58]
16:50:14.614 CQ_DEBUG i3=1 n3=5 to=[CQ] from=[WO8E] extra=[EN73] modifier=[null] msgText=[CQ WO8E EN73]
16:50:14.615 QSO: cycle(deep) slot=1 order=2 newOrder=-1 to=W2BCC noReply=0/0
16:50:14.616 PskReporterSender: enqueued 2 spots (queue=61)
16:50:14.863 QSO: TX slot=1 order=2 msg=[W2BCC K1AF -12]
16:50:14.864 serial.send[4]: TX1; | hex: 54 58 31 3B
16:50:14.866 serial.send: write completed OK
16:50:14.975 playFT8Signal: TX path branch: audioOutputDeviceId=-1 usbAudioOutputVidPid=0D8C:0012 volume=37% autoVolume=false
16:50:14.982 playFT8Signal: using USB audio (direct) output
16:50:14.983 playViaUsbAudio: start, VID=0D8C PID=0012 samples=151680 rate=12000
16:50:14.993 playViaUsbAudio: device opened, output activated at 48000 Hz
16:50:14.995 playViaUsbAudio: calling writeAudio playLength=151680 rate=12000
16:50:15.019 UsbAudioDevice: trying libusb native write fd=132 iface=1 alt=1 ep=0x01 maxPkt=200 bytes=2426880 outputRate=48000 ch=2
16:50:27.668 UsbAudioDevice: libusb native write OK
16:50:27.674 playViaUsbAudio: writeAudio returned OK
16:50:27.688 serial.send[4]: TX0; | hex: 54 58 30 3B
16:50:27.691 serial.send: write completed OK
16:50:28.439 DECODE: kept=0 ownEcho=1 junk=0 replyToMe=false slot=1
16:50:43.532 DECODE: kept=16 ownEcho=0 junk=0 replyToMe=true slot=0
16:50:43.534 CQ_DEBUG i3=1 n3=0 to=[CQ] from=[KC2HRG] extra=[FN20] modifier=[null] msgText=[CQ KC2HRG FN20]
16:50:43.535 CQ_DEBUG i3=1 n3=4 to=[CQ] from=[K0C] extra=[EM28] modifier=[null] msgText=[CQ K0C EM28]
16:50:43.535 CQ_DEBUG i3=1 n3=0 to=[CQ] from=[K3GIL] extra=[FN20] modifier=[null] msgText=[CQ K3GIL FN20]
16:50:43.536 CQ_DEBUG i3=1 n3=7 to=[CQ] from=[9A5E] extra=[JN75] modifier=[null] msgText=[CQ 9A5E JN75]
16:50:43.536 CQ_DEBUG i3=1 n3=2 to=[CQ] from=[KE7RRO] extra=[CN86] modifier=[null] msgText=[CQ KE7RRO CN86]
16:50:43.537 QSO: cycle slot=1 order=2 newOrder=3 to=W2BCC noReply=0/0
16:50:43.538 QSO: advance order 2->4 with W2BCC
16:50:43.540 QSO: cycle(deep) slot=1 order=4 newOrder=-1 to=W2BCC noReply=0/0
16:50:43.541 PskReporterSender: enqueued 2 spots (queue=63)
16:50:43.961 CQ_DEBUG i3=1 n3=4 to=[CQ] from=[KJ5ODS] extra=[EM12] modifier=[null] msgText=[CQ KJ5ODS EM12]
16:50:43.962 QSO: cycle(deep) slot=1 order=4 newOrder=-1 to=W2BCC noReply=0/0
16:50:43.962 QSO: enqueue caller KD4YTW (queue size 1)
16:50:44.634 QSO: TX slot=1 order=4 msg=[W2BCC K1AF RR73]
16:50:44.635 serial.send[4]: TX1; | hex: 54 58 31 3B
16:50:44.636 serial.send: write completed OK
16:50:44.770 playFT8Signal: TX path branch: audioOutputDeviceId=-1 usbAudioOutputVidPid=0D8C:0012 volume=37% autoVolume=false
16:50:44.771 playFT8Signal: using USB audio (direct) output
16:50:44.772 playViaUsbAudio: start, VID=0D8C PID=0012 samples=151680 rate=12000
16:50:44.789 playViaUsbAudio: device opened, output activated at 48000 Hz
16:50:44.793 playViaUsbAudio: calling writeAudio playLength=151680 rate=12000
16:50:44.853 UsbAudioDevice: trying libusb native write fd=138 iface=1 alt=1 ep=0x01 maxPkt=200 bytes=2426880 outputRate=48000 ch=2
16:50:45.183 CQ_DEBUG i3=4 n3=1 to=[CQ] from=[W5C/D] extra=[] modifier=[null] msgText=[CQ W5C/D]
16:50:45.184 PskReporterSender: enqueued 2 spots (queue=65)
16:50:45.998 PskReporterSender: enqueued 1 spots (queue=66)
16:50:57.499 UsbAudioDevice: libusb native write OK
16:50:57.502 playViaUsbAudio: writeAudio returned OK
16:50:57.514 serial.send[4]: TX0; | hex: 54 58 30 3B
16:50:57.517 serial.send: write completed OK
16:50:58.268 DECODE: kept=0 ownEcho=1 junk=0 replyToMe=false slot=1
16:51:13.311 DECODE: kept=14 ownEcho=0 junk=0 replyToMe=false slot=0
16:51:13.312 CQ_DEBUG i3=1 n3=7 to=[CQ] from=[9A5E] extra=[JN75] modifier=[null] msgText=[CQ 9A5E JN75]
16:51:13.313 CQ_DEBUG i3=4 n3=1 to=[CQ] from=[W5C/D] extra=[] modifier=[null] msgText=[CQ W5C/D]
16:51:13.314 CQ_DEBUG i3=1 n3=2 to=[CQ] from=[KE7RRO] extra=[CN86] modifier=[null] msgText=[CQ KE7RRO CN86]
16:51:13.314 CQ_DEBUG i3=1 n3=4 to=[CQ] from=[K0C] extra=[EM28] modifier=[null] msgText=[CQ K0C EM28]
16:51:13.315 CQ_DEBUG i3=1 n3=0 to=[CQ] from=[KC2HRG] extra=[FN20] modifier=[null] msgText=[CQ KC2HRG FN20]
16:51:13.316 QSO: cycle slot=1 order=4 newOrder=-1 to=W2BCC noReply=0/0
16:51:13.317 QSO: no-reply 1 (order=4 to=W2BCC)
16:51:13.318 QSO: cycle(deep) slot=1 order=4 newOrder=-1 to=W2BCC noReply=1/0
16:51:13.319 PskReporterSender: enqueued 2 spots (queue=68)
16:51:13.787 CQ_DEBUG i3=1 n3=4 to=[CQ] from=[KJ5ODS] extra=[EM12] modifier=[null] msgText=[CQ KJ5ODS EM12]
16:51:13.788 QSO: cycle(deep) slot=1 order=4 newOrder=5 to=W2BCC noReply=1/0
16:51:13.789 QSO: complete with W2BCC (order=4 newOrder=5) -> reset to CQ
16:51:13.789 QSO: dequeue caller KD4YTW (0 left in queue)
16:51:13.790 QSO: setTransmit to=KD4YTW order=2 slot=1
16:51:14.639 QSO: TX slot=1 order=2 msg=[KD4YTW K1AF -12]
16:51:14.641 serial.send[4]: TX1; | hex: 54 58 31 3B
16:51:14.643 serial.send: write completed OK
16:51:14.779 playFT8Signal: TX path branch: audioOutputDeviceId=-1 usbAudioOutputVidPid=0D8C:0012 volume=37% autoVolume=false
16:51:14.781 playFT8Signal: using USB audio (direct) output
16:51:14.782 playViaUsbAudio: start, VID=0D8C PID=0012 samples=151680 rate=12000
16:51:14.789 playViaUsbAudio: device opened, output activated at 48000 Hz
16:51:14.790 playViaUsbAudio: calling writeAudio playLength=151680 rate=12000
16:51:14.814 UsbAudioDevice: trying libusb native write fd=106 iface=1 alt=1 ep=0x01 maxPkt=200 bytes=2426880 outputRate=48000 ch=2
16:51:15.048 CQ_DEBUG i3=1 n3=1 to=[CQ] from=[KN7E] extra=[DM33] modifier=[null] msgText=[CQ KN7E DM33]
16:51:18.618 PskReporterSender: sent 2 packet(s) with 68 spots
16:51:27.460 UsbAudioDevice: libusb native write OK
16:51:27.462 playViaUsbAudio: writeAudio returned OK
16:51:27.472 serial.send[4]: TX0; | hex: 54 58 30 3B
16:51:27.475 serial.send: write completed OK
16:51:28.279 DECODE: kept=0 ownEcho=1 junk=0 replyToMe=false slot=1
16:51:43.319 DECODE: kept=18 ownEcho=0 junk=0 replyToMe=false slot=0
16:51:43.321 CQ_DEBUG i3=1 n3=4 to=[CQ] from=[K0C] extra=[EM28] modifier=[null] msgText=[CQ K0C EM28]
16:51:43.321 CQ_DEBUG i3=1 n3=2 to=[CQ] from=[KE7RRO] extra=[CN86] modifier=[null] msgText=[CQ KE7RRO CN86]
16:51:43.322 QSO: cycle slot=1 order=2 newOrder=-1 to=KD4YTW noReply=0/0
16:51:43.323 QSO: no-reply 1 (order=2 to=KD4YTW)
16:51:43.324 QSO: cycle(deep) slot=1 order=2 newOrder=-1 to=KD4YTW noReply=1/0
16:51:43.326 PskReporterSender: enqueued 2 spots (queue=2)
16:51:43.761 CQ_DEBUG i3=1 n3=1 to=[CQ] from=[KN7E] extra=[DM33] modifier=[null] msgText=[CQ KN7E DM33]
16:51:43.762 CQ_DEBUG i3=1 n3=3 to=[CQ] from=[A71UN] extra=[LL55] modifier=[null] msgText=[CQ A71UN LL55]
16:51:43.763 QSO: cycle(deep) slot=1 order=2 newOrder=-1 to=KD4YTW noReply=1/0
16:51:43.765 PskReporterSender: enqueued 2 spots (queue=4)
16:51:44.645 QSO: TX slot=1 order=2 msg=[KD4YTW K1AF -12]
16:51:44.655 serial.send[4]: TX1; | hex: 54 58 31 3B
16:51:44.659 serial.send: write completed OK
16:51:44.772 playFT8Signal: TX path branch: audioOutputDeviceId=-1 usbAudioOutputVidPid=0D8C:0012 volume=37% autoVolume=false
16:51:44.773 playFT8Signal: using USB audio (direct) output
16:51:44.774 playViaUsbAudio: start, VID=0D8C PID=0012 samples=151680 rate=12000
16:51:44.784 playViaUsbAudio: device opened, output activated at 48000 Hz
16:51:44.790 playViaUsbAudio: calling writeAudio playLength=151680 rate=12000
16:51:44.853 UsbAudioDevice: trying libusb native write fd=106 iface=1 alt=1 ep=0x01 maxPkt=200 bytes=2426880 outputRate=48000 ch=2
16:51:57.496 UsbAudioDevice: libusb native write OK
16:51:57.499 playViaUsbAudio: writeAudio returned OK
16:51:57.508 serial.send[4]: TX0; | hex: 54 58 30 3B
16:51:57.511 serial.send: write completed OK
16:51:58.272 DECODE: kept=0 ownEcho=1 junk=0 replyToMe=false slot=1
16:52:13.324 DECODE: kept=18 ownEcho=0 junk=0 replyToMe=false slot=0
16:52:13.325 CQ_DEBUG i3=1 n3=4 to=[CQ] from=[K0C] extra=[EM28] modifier=[null] msgText=[CQ K0C EM28]
16:52:13.325 CQ_DEBUG i3=1 n3=2 to=[CQ] from=[N4NJJ] extra=[DM26] modifier=[null] msgText=[CQ N4NJJ DM26]
16:52:13.326 QSO: cycle slot=1 order=2 newOrder=-1 to=KD4YTW noReply=1/0
16:52:13.327 QSO: no-reply 2 (order=2 to=KD4YTW)
16:52:13.327 QSO: cycle(deep) slot=1 order=2 newOrder=-1 to=KD4YTW noReply=2/0
16:52:13.329 PskReporterSender: enqueued 7 spots (queue=11)
16:52:13.768 CQ_DEBUG i3=1 n3=1 to=[CQ] from=[KN7E] extra=[DM33] modifier=[null] msgText=[CQ KN7E DM33]
16:52:13.769 QSO: cycle(deep) slot=1 order=2 newOrder=-1 to=KD4YTW noReply=2/0
16:52:13.770 PskReporterSender: enqueued 2 spots (queue=13)
16:52:14.637 QSO: TX slot=1 order=2 msg=[KD4YTW K1AF -12]
16:52:14.639 serial.send[4]: TX1; | hex: 54 58 31 3B
16:52:14.642 serial.send: write completed OK
16:52:14.785 playFT8Signal: TX path branch: audioOutputDeviceId=-1 usbAudioOutputVidPid=0D8C:0012 volume=37% autoVolume=false
16:52:14.786 playFT8Signal: using USB audio (direct) output
16:52:14.788 playViaUsbAudio: start, VID=0D8C PID=0012 samples=151680 rate=12000
16:52:14.803 playViaUsbAudio: device opened, output activated at 48000 Hz
16:52:14.805 playViaUsbAudio: calling writeAudio playLength=151680 rate=12000
16:52:14.859 UsbAudioDevice: trying libusb native write fd=106 iface=1 alt=1 ep=0x01 maxPkt=200 bytes=2426880 outputRate=48000 ch=2
16:52:15.082 PskReporterSender: enqueued 2 spots (queue=15)
16:52:27.503 UsbAudioDevice: libusb native write OK
16:52:27.504 playViaUsbAudio: writeAudio returned OK
16:52:27.510 serial.send[4]: TX0; | hex: 54 58 30 3B
16:52:27.511 serial.send: write completed OK
16:52:28.239 DECODE: kept=0 ownEcho=1 junk=0 replyToMe=false slot=1
16:52:43.363 DECODE: kept=15 ownEcho=0 junk=0 replyToMe=false slot=0
16:52:43.365 CQ_DEBUG i3=4 n3=1 to=[CQ] from=[W5C/D] extra=[] modifier=[null] msgText=[CQ W5C/D]
16:52:43.365 CQ_DEBUG i3=1 n3=7 to=[CQ DX] from=[DF1KW] extra=[JO31] modifier=[null] msgText=[CQ DX DF1KW JO31]
16:52:43.366 QSO: cycle slot=1 order=2 newOrder=-1 to=KD4YTW noReply=2/0
16:52:43.367 QSO: no-reply 3 (order=2 to=KD4YTW)
16:52:43.368 QSO: cycle(deep) slot=1 order=2 newOrder=-1 to=KD4YTW noReply=3/0
16:52:43.828 CQ_DEBUG i3=1 n3=2 to=[CQ] from=[N4NJJ] extra=[DM26] modifier=[null] msgText=[CQ N4NJJ DM26]
16:52:43.829 QSO: cycle(deep) slot=1 order=2 newOrder=-1 to=KD4YTW noReply=3/0
16:52:43.830 PskReporterSender: enqueued 2 spots (queue=17)
16:52:44.633 QSO: TX slot=1 order=2 msg=[KD4YTW K1AF -12]
16:52:44.634 serial.send[4]: TX1; | hex: 54 58 31 3B
16:52:44.636 serial.send: write completed OK
16:52:44.774 playFT8Signal: TX path branch: audioOutputDeviceId=-1 usbAudioOutputVidPid=0D8C:0012 volume=37% autoVolume=false
16:52:44.776 playFT8Signal: using USB audio (direct) output
16:52:44.776 playViaUsbAudio: start, VID=0D8C PID=0012 samples=151680 rate=12000
16:52:44.795 playViaUsbAudio: device opened, output activated at 48000 Hz
16:52:44.797 playViaUsbAudio: calling writeAudio playLength=151680 rate=12000
16:52:44.859 UsbAudioDevice: trying libusb native write fd=106 iface=1 alt=1 ep=0x01 maxPkt=200 bytes=2426880 outputRate=48000 ch=2
16:52:44.966 CQ_DEBUG i3=1 n3=7 to=[CQ] from=[WU8T] extra=[CN83] modifier=[null] msgText=[CQ WU8T CN83]
16:52:44.969 PskReporterSender: enqueued 1 spots (queue=18)
16:52:57.503 UsbAudioDevice: libusb native write OK
16:52:57.504 playViaUsbAudio: writeAudio returned OK
16:52:57.509 serial.send[4]: TX0; | hex: 54 58 30 3B
16:52:57.514 serial.send: write completed OK
16:52:58.220 DECODE: kept=0 ownEcho=1 junk=0 replyToMe=false slot=1
16:53:13.325 DECODE: kept=15 ownEcho=0 junk=0 replyToMe=false slot=0
16:53:13.327 CQ_DEBUG i3=4 n3=1 to=[CQ] from=[W5C/D] extra=[] modifier=[null] msgText=[CQ W5C/D]
16:53:13.328 CQ_DEBUG i3=1 n3=2 to=[CQ] from=[N4NJJ] extra=[DM26] modifier=[null] msgText=[CQ N4NJJ DM26]
16:53:13.329 QSO: cycle slot=1 order=2 newOrder=-1 to=KD4YTW noReply=3/0
16:53:13.330 QSO: no-reply 4 (order=2 to=KD4YTW)
16:53:13.331 QSO: cycle(deep) slot=1 order=2 newOrder=-1 to=KD4YTW noReply=4/0
16:53:13.333 PskReporterSender: enqueued 5 spots (queue=23)
16:53:13.770 QSO: cycle(deep) slot=1 order=2 newOrder=-1 to=KD4YTW noReply=4/0
16:53:14.642 QSO: TX slot=1 order=2 msg=[KD4YTW K1AF -12]
16:53:14.644 serial.send[4]: TX1; | hex: 54 58 31 3B
16:53:14.649 serial.send: write completed OK
16:53:14.757 playFT8Signal: TX path branch: audioOutputDeviceId=-1 usbAudioOutputVidPid=0D8C:0012 volume=37% autoVolume=false
16:53:14.758 playFT8Signal: using USB audio (direct) output
16:53:14.758 playViaUsbAudio: start, VID=0D8C PID=0012 samples=151680 rate=12000
16:53:14.769 playViaUsbAudio: device opened, output activated at 48000 Hz
16:53:14.771 playViaUsbAudio: calling writeAudio playLength=151680 rate=12000
16:53:14.797 UsbAudioDevice: trying libusb native write fd=106 iface=1 alt=1 ep=0x01 maxPkt=200 bytes=2426880 outputRate=48000 ch=2
16:53:15.768 CQ_DEBUG i3=1 n3=4 to=[CQ] from=[KJ5ODS] extra=[EM12] modifier=[null] msgText=[CQ KJ5ODS EM12]
16:53:27.444 UsbAudioDevice: libusb native write OK
16:53:27.446 playViaUsbAudio: writeAudio returned OK
16:53:27.454 serial.send[4]: TX0; | hex: 54 58 30 3B
16:53:27.456 serial.send: write completed OK
16:53:28.229 DECODE: kept=0 ownEcho=1 junk=0 replyToMe=false slot=1
16:53:43.314 DECODE: kept=19 ownEcho=0 junk=0 replyToMe=false slot=0
16:53:43.316 CQ_DEBUG i3=1 n3=7 to=[CQ] from=[9A5E] extra=[JN75] modifier=[null] msgText=[CQ 9A5E JN75]
16:53:43.316 CQ_DEBUG i3=1 n3=4 to=[CQ] from=[K0C] extra=[EM28] modifier=[null] msgText=[CQ K0C EM28]
16:53:43.317 CQ_DEBUG i3=1 n3=0 to=[CQ] from=[K3GIL] extra=[FN20] modifier=[null] msgText=[CQ K3GIL FN20]
16:53:43.318 QSO: cycle slot=1 order=2 newOrder=-1 to=KD4YTW noReply=4/0
16:53:43.319 QSO: no-reply 5 (order=2 to=KD4YTW)
16:53:43.320 QSO: cycle(deep) slot=1 order=2 newOrder=-1 to=KD4YTW noReply=5/0
16:53:43.323 PskReporterSender: enqueued 3 spots (queue=26)
16:53:43.654 PskReporter: fetch start call=K1AF secondsBack=3600 mode=FT8 byReceiver=false
16:53:43.730 QSO: cycle(deep) slot=1 order=2 newOrder=-1 to=KD4YTW noReply=5/0
16:53:44.589 PskReporter: parse: skipped noGrid=0 badGrid=111 badAttr=0
16:53:44.595 PskReporter: fetch ok N=401
16:53:44.637 QSO: TX slot=1 order=2 msg=[KD4YTW K1AF -12]
16:53:44.640 serial.send[4]: TX1; | hex: 54 58 31 3B
16:53:44.643 serial.send: write completed OK
16:53:44.781 playFT8Signal: TX path branch: audioOutputDeviceId=-1 usbAudioOutputVidPid=0D8C:0012 volume=22% autoVolume=false
16:53:44.783 playFT8Signal: using USB audio (direct) output
16:53:44.784 playViaUsbAudio: start, VID=0D8C PID=0012 samples=151680 rate=12000
16:53:44.800 playViaUsbAudio: device opened, output activated at 48000 Hz
16:53:44.803 playViaUsbAudio: calling writeAudio playLength=151680 rate=12000
16:53:44.864 UsbAudioDevice: trying libusb native write fd=129 iface=1 alt=1 ep=0x01 maxPkt=200 bytes=2426880 outputRate=48000 ch=2
16:53:57.507 UsbAudioDevice: libusb native write OK
16:53:57.508 playViaUsbAudio: writeAudio returned OK
16:53:57.513 serial.send[4]: TX0; | hex: 54 58 30 3B
16:53:57.518 serial.send: write completed OK
16:53:58.222 DECODE: kept=0 ownEcho=1 junk=0 replyToMe=false slot=1
16:54:13.331 DECODE: kept=15 ownEcho=0 junk=0 replyToMe=false slot=0
16:54:13.333 CQ_DEBUG i3=1 n3=0 to=[CQ] from=[K3GIL] extra=[FN20] modifier=[null] msgText=[CQ K3GIL FN20]
16:54:13.334 CQ_DEBUG i3=1 n3=4 to=[CQ] from=[K0C] extra=[EM28] modifier=[null] msgText=[CQ K0C EM28]
16:54:13.335 QSO: cycle slot=1 order=2 newOrder=-1 to=KD4YTW noReply=5/0
16:54:13.336 QSO: no-reply 6 (order=2 to=KD4YTW)
16:54:13.338 PskReporterSender: enqueued 2 spots (queue=28)
16:54:13.764 CQ_DEBUG i3=1 n3=7 to=[CQ] from=[9A5E] extra=[JN75] modifier=[null] msgText=[CQ 9A5E JN75]
16:54:13.765 QSO: cycle(deep) slot=1 order=2 newOrder=-1 to=KD4YTW noReply=6/0
16:54:14.632 QSO: TX slot=1 order=2 msg=[KD4YTW K1AF -12]
16:54:14.644 serial.send[4]: TX1; | hex: 54 58 31 3B
16:54:14.646 serial.send: write completed OK
16:54:14.784 playFT8Signal: TX path branch: audioOutputDeviceId=-1 usbAudioOutputVidPid=0D8C:0012 volume=22% autoVolume=false
16:54:14.786 playFT8Signal: using USB audio (direct) output
16:54:14.788 playViaUsbAudio: start, VID=0D8C PID=0012 samples=151680 rate=12000
16:54:14.799 playViaUsbAudio: device opened, output activated at 48000 Hz
16:54:14.803 playViaUsbAudio: calling writeAudio playLength=151680 rate=12000
16:54:14.870 UsbAudioDevice: trying libusb native write fd=129 iface=1 alt=1 ep=0x01 maxPkt=200 bytes=2426880 outputRate=48000 ch=2
16:54:27.516 UsbAudioDevice: libusb native write OK
16:54:27.519 playViaUsbAudio: writeAudio returned OK
16:54:27.526 serial.send[4]: TX0; | hex: 54 58 30 3B
16:54:27.528 serial.send: write completed OK
16:54:28.273 DECODE: kept=0 ownEcho=1 junk=0 replyToMe=false slot=1
16:54:43.321 DECODE: kept=20 ownEcho=0 junk=0 replyToMe=false slot=0
16:54:43.323 CQ_DEBUG i3=1 n3=4 to=[CQ] from=[KZ2Q] extra=[FN32] modifier=[null] msgText=[CQ KZ2Q FN32]
16:54:43.323 CQ_DEBUG i3=1 n3=4 to=[CQ] from=[K0C] extra=[EM28] modifier=[null] msgText=[CQ K0C EM28]
16:54:43.324 CQ_DEBUG i3=1 n3=7 to=[CQ DX] from=[DF1KW] extra=[JO31] modifier=[null] msgText=[CQ DX DF1KW JO31]
16:54:43.325 QSO: cycle slot=1 order=2 newOrder=-1 to=KD4YTW noReply=6/0
16:54:43.326 QSO: no-reply 7 (order=2 to=KD4YTW)
16:54:43.327 QSO: cycle(deep) slot=1 order=2 newOrder=-1 to=KD4YTW noReply=7/0
16:54:43.329 PskReporterSender: enqueued 2 spots (queue=30)
16:54:43.688 CQ_DEBUG i3=1 n3=0 to=[CQ] from=[K3GIL] extra=[FN20] modifier=[null] msgText=[CQ K3GIL FN20]
16:54:43.690 QSO: cycle(deep) slot=1 order=2 newOrder=-1 to=KD4YTW noReply=7/0
16:54:43.692 PskReporterSender: enqueued 1 spots (queue=31)
16:54:44.636 QSO: TX slot=1 order=2 msg=[KD4YTW K1AF -12]
16:54:44.638 serial.send[4]: TX1; | hex: 54 58 31 3B
16:54:44.639 serial.send: write completed OK
16:54:44.796 playFT8Signal: TX path branch: audioOutputDeviceId=-1 usbAudioOutputVidPid=0D8C:0012 volume=22% autoVolume=false
16:54:44.798 playFT8Signal: using USB audio (direct) output
16:54:44.800 playViaUsbAudio: start, VID=0D8C PID=0012 samples=151680 rate=12000
16:54:44.825 playViaUsbAudio: device opened, output activated at 48000 Hz
16:54:44.832 playViaUsbAudio: calling writeAudio playLength=151680 rate=12000
16:54:44.889 CQ_DEBUG i3=1 n3=3 to=[CQ] from=[A71UN] extra=[LL55] modifier=[null] msgText=[CQ A71UN LL55]
16:54:44.891 PskReporterSender: enqueued 2 spots (queue=33)
16:54:44.897 UsbAudioDevice: trying libusb native write fd=129 iface=1 alt=1 ep=0x01 maxPkt=200 bytes=2426880 outputRate=48000 ch=2
16:54:57.543 UsbAudioDevice: libusb native write OK
16:54:57.545 playViaUsbAudio: writeAudio returned OK
16:54:57.550 serial.send[4]: TX0; | hex: 54 58 30 3B
16:54:57.553 serial.send: write completed OK
16:54:58.230 DECODE: kept=0 ownEcho=1 junk=0 replyToMe=false slot=1
16:55:13.281 DECODE: kept=23 ownEcho=0 junk=0 replyToMe=false slot=0
16:55:13.282 CQ_DEBUG i3=1 n3=6 to=[CQ] from=[KB2OBF] extra=[FN02] modifier=[null] msgText=[CQ KB2OBF FN02]
16:55:13.282 CQ_DEBUG i3=1 n3=0 to=[CQ] from=[K3GIL] extra=[FN20] modifier=[null] msgText=[CQ K3GIL FN20]
16:55:13.283 CQ_DEBUG i3=1 n3=4 to=[CQ] from=[KZ2Q] extra=[FN32] modifier=[null] msgText=[CQ KZ2Q FN32]
16:55:13.283 CQ_DEBUG i3=1 n3=5 to=[CQ] from=[VE7ZAX] extra=[CN89] modifier=[null] msgText=[CQ VE7ZAX CN89]
16:55:13.284 QSO: cycle slot=1 order=2 newOrder=-1 to=KD4YTW noReply=7/0
16:55:13.285 QSO: no-reply 8 (order=2 to=KD4YTW)
16:55:13.285 QSO: cycle(deep) slot=1 order=2 newOrder=-1 to=KD4YTW noReply=8/0
16:55:13.287 PskReporterSender: enqueued 3 spots (queue=36)
16:55:13.637 CQ_DEBUG i3=1 n3=3 to=[CQ] from=[A71UN] extra=[LL55] modifier=[null] msgText=[CQ A71UN LL55]
16:55:13.639 CQ_DEBUG i3=1 n3=4 to=[CQ] from=[K0C] extra=[EM28] modifier=[null] msgText=[CQ K0C EM28]
16:55:13.640 QSO: cycle(deep) slot=1 order=2 newOrder=-1 to=KD4YTW noReply=8/0
16:55:14.641 QSO: TX slot=1 order=2 msg=[KD4YTW K1AF -12]
16:55:14.647 serial.send[4]: TX1; | hex: 54 58 31 3B
16:55:14.649 serial.send: write completed OK
16:55:14.784 playFT8Signal: TX path branch: audioOutputDeviceId=-1 usbAudioOutputVidPid=0D8C:0012 volume=22% autoVolume=false
16:55:14.787 playFT8Signal: using USB audio (direct) output
16:55:14.788 playViaUsbAudio: start, VID=0D8C PID=0012 samples=151680 rate=12000
16:55:14.802 playViaUsbAudio: device opened, output activated at 48000 Hz
16:55:14.806 playViaUsbAudio: calling writeAudio playLength=151680 rate=12000
16:55:14.876 UsbAudioDevice: trying libusb native write fd=129 iface=1 alt=1 ep=0x01 maxPkt=200 bytes=2426880 outputRate=48000 ch=2
16:55:15.034 CQ_DEBUG i3=1 n3=7 to=[CQ] from=[WD8LOE] extra=[EM63] modifier=[null] msgText=[CQ WD8LOE EM63]
16:55:15.035 CQ_DEBUG i3=1 n3=2 to=[CQ USA] from=[G6CUT] extra=[IO90] modifier=[null] msgText=[CQ USA G6CUT IO90]
16:55:15.036 PskReporterSender: enqueued 4 spots (queue=40)
16:55:16.328 PskReporterSender: enqueued 1 spots (queue=41)
16:55:27.527 UsbAudioDevice: libusb native write OK
16:55:27.529 playViaUsbAudio: writeAudio returned OK
16:55:27.538 serial.send[4]: TX0; | hex: 54 58 30 3B
16:55:27.541 serial.send: write completed OK
16:55:28.247 DECODE: kept=0 ownEcho=1 junk=0 replyToMe=false slot=1
16:55:43.317 DECODE: kept=20 ownEcho=0 junk=0 replyToMe=false slot=0
16:55:43.322 CQ_DEBUG i3=1 n3=6 to=[CQ] from=[KB2OBF] extra=[FN02] modifier=[null] msgText=[CQ KB2OBF FN02]
16:55:43.322 CQ_DEBUG i3=1 n3=5 to=[CQ] from=[VE7ZAX] extra=[CN89] modifier=[null] msgText=[CQ VE7ZAX CN89]
16:55:43.323 CQ_DEBUG i3=1 n3=4 to=[CQ] from=[KZ2Q] extra=[FN32] modifier=[null] msgText=[CQ KZ2Q FN32]
16:55:43.325 QSO: cycle slot=1 order=2 newOrder=-1 to=KD4YTW noReply=8/0
16:55:43.326 QSO: no-reply 9 (order=2 to=KD4YTW)
16:55:43.326 QSO: cycle(deep) slot=1 order=2 newOrder=-1 to=KD4YTW noReply=9/0
16:55:43.328 PskReporterSender: enqueued 2 spots (queue=43)
16:55:43.701 CQ_DEBUG i3=1 n3=4 to=[CQ] from=[K0C] extra=[EM28] modifier=[null] msgText=[CQ K0C EM28]
16:55:43.702 CQ_DEBUG i3=1 n3=3 to=[CQ] from=[A71UN] extra=[LL55] modifier=[null] msgText=[CQ A71UN LL55]
16:55:43.703 QSO: cycle(deep) slot=1 order=2 newOrder=-1 to=KD4YTW noReply=9/0
16:55:43.705 PskReporterSender: enqueued 2 spots (queue=45)
16:55:44.639 QSO: TX slot=1 order=2 msg=[KD4YTW K1AF -12]
16:55:44.645 serial.send[4]: TX1; | hex: 54 58 31 3B
16:55:44.663 serial.send: write completed OK
16:55:44.828 playFT8Signal: TX path branch: audioOutputDeviceId=-1 usbAudioOutputVidPid=0D8C:0012 volume=22% autoVolume=false
16:55:44.829 playFT8Signal: using USB audio (direct) output
16:55:44.830 playViaUsbAudio: start, VID=0D8C PID=0012 samples=151680 rate=12000
16:55:44.841 playViaUsbAudio: device opened, output activated at 48000 Hz
16:55:44.842 playViaUsbAudio: calling writeAudio playLength=151680 rate=12000
16:55:44.864 UsbAudioDevice: trying libusb native write fd=129 iface=1 alt=1 ep=0x01 maxPkt=200 bytes=2426880 outputRate=48000 ch=2
16:55:45.085 CQ_DEBUG i3=1 n3=5 to=[CQ] from=[VE7LCG] extra=[CN89] modifier=[null] msgText=[CQ VE7LCG CN89]
16:55:45.086 CQ_DEBUG i3=1 n3=7 to=[CQ POTA] from=[W6OBB] extra=[CM95] modifier=[null] msgText=[CQ POTA W6OBB CM95]
16:55:45.087 CQ_DEBUG i3=1 n3=0 to=[CQ] from=[K3GIL] extra=[FN20] modifier=[null] msgText=[CQ K3GIL FN20]
16:55:45.089 PskReporterSender: enqueued 3 spots (queue=48)
16:55:57.510 UsbAudioDevice: libusb native write OK
16:55:57.517 playViaUsbAudio: writeAudio returned OK
16:55:57.524 serial.send[4]: TX0; | hex: 54 58 30 3B
16:55:57.535 serial.send: write completed OK
16:55:58.268 DECODE: kept=0 ownEcho=1 junk=0 replyToMe=false slot=1
16:56:13.338 DECODE: kept=16 ownEcho=0 junk=0 replyToMe=false slot=0
16:56:13.340 CQ_DEBUG i3=1 n3=6 to=[CQ] from=[KB2OBF] extra=[FN02] modifier=[null] msgText=[CQ KB2OBF FN02]
16:56:13.341 CQ_DEBUG i3=1 n3=7 to=[CQ] from=[9A5E] extra=[JN75] modifier=[null] msgText=[CQ 9A5E JN75]
16:56:13.341 CQ_DEBUG i3=4 n3=1 to=[CQ] from=[W5C/D] extra=[] modifier=[null] msgText=[CQ W5C/D]
16:56:13.342 CQ_DEBUG i3=1 n3=5 to=[CQ] from=[VE7ZAX] extra=[CN89] modifier=[null] msgText=[CQ VE7ZAX CN89]
16:56:13.343 CQ_DEBUG i3=1 n3=5 to=[CQ] from=[VE7LCG] extra=[CN89] modifier=[null] msgText=[CQ VE7LCG CN89]
16:56:13.344 CQ_DEBUG i3=1 n3=4 to=[CQ] from=[KZ2Q] extra=[FN32] modifier=[null] msgText=[CQ KZ2Q FN32]
16:56:13.345 QSO: cycle slot=1 order=2 newOrder=-1 to=KD4YTW noReply=9/0
16:56:13.346 QSO: no-reply 10 (order=2 to=KD4YTW)
16:56:13.346 QSO: cycle(deep) slot=1 order=2 newOrder=-1 to=KD4YTW noReply=10/0
16:56:13.348 PskReporterSender: enqueued 1 spots (queue=49)
16:56:13.754 CQ_DEBUG i3=1 n3=3 to=[CQ] from=[A71UN] extra=[LL55] modifier=[null] msgText=[CQ A71UN LL55]
16:56:13.755 CQ_DEBUG i3=1 n3=4 to=[CQ] from=[K0C] extra=[EM28] modifier=[null] msgText=[CQ K0C EM28]
16:56:13.756 QSO: cycle(deep) slot=1 order=2 newOrder=-1 to=KD4YTW noReply=10/0
16:56:14.647 QSO: TX slot=1 order=2 msg=[KD4YTW K1AF -12]
16:56:14.652 serial.send[4]: TX1; | hex: 54 58 31 3B
16:56:14.660 serial.send: write completed OK
16:56:14.781 playFT8Signal: TX path branch: audioOutputDeviceId=-1 usbAudioOutputVidPid=0D8C:0012 volume=22% autoVolume=false
16:56:14.782 playFT8Signal: using USB audio (direct) output
16:56:14.782 playViaUsbAudio: start, VID=0D8C PID=0012 samples=151680 rate=12000
16:56:14.790 playViaUsbAudio: device opened, output activated at 48000 Hz
16:56:14.792 playViaUsbAudio: calling writeAudio playLength=151680 rate=12000
16:56:14.844 UsbAudioDevice: trying libusb native write fd=129 iface=1 alt=1 ep=0x01 maxPkt=200 bytes=2426880 outputRate=48000 ch=2
16:56:15.021 CQ_DEBUG i3=1 n3=1 to=[CQ] from=[KI0E] extra=[DN13] modifier=[null] msgText=[CQ KI0E DN13]
16:56:15.023 PskReporterSender: enqueued 1 spots (queue=50)
16:56:17.841 PskReporterSender: sent 2 packet(s) with 50 spots
16:56:27.488 UsbAudioDevice: libusb native write OK
16:56:27.489 playViaUsbAudio: writeAudio returned OK
16:56:27.493 serial.send[4]: TX0; | hex: 54 58 30 3B
16:56:27.493 serial.send: write completed OK
16:56:28.208 DECODE: kept=0 ownEcho=1 junk=0 replyToMe=false slot=1
16:56:43.319 DECODE: kept=13 ownEcho=0 junk=0 replyToMe=false slot=0
16:56:43.320 CQ_DEBUG i3=1 n3=6 to=[CQ] from=[KB2OBF] extra=[FN02] modifier=[null] msgText=[CQ KB2OBF FN02]
16:56:43.321 CQ_DEBUG i3=1 n3=4 to=[CQ] from=[KZ2Q] extra=[FN32] modifier=[null] msgText=[CQ KZ2Q FN32]
16:56:43.321 CQ_DEBUG i3=1 n3=5 to=[CQ] from=[VE7LCG] extra=[CN89] modifier=[null] msgText=[CQ VE7LCG CN89]
16:56:43.322 CQ_DEBUG i3=4 n3=1 to=[CQ] from=[W5C/D] extra=[] modifier=[null] msgText=[CQ W5C/D]
16:56:43.323 CQ_DEBUG i3=1 n3=7 to=[CQ] from=[9A5E] extra=[JN75] modifier=[null] msgText=[CQ 9A5E JN75]
16:56:43.323 QSO: cycle slot=1 order=2 newOrder=-1 to=KD4YTW noReply=10/0
16:56:43.324 QSO: no-reply 11 (order=2 to=KD4YTW)
16:56:43.325 QSO: cycle(deep) slot=1 order=2 newOrder=-1 to=KD4YTW noReply=11/0
16:56:43.326 PskReporterSender: enqueued 1 spots (queue=1)
16:56:43.736 CQ_DEBUG i3=1 n3=5 to=[CQ] from=[KE2FII] extra=[FM29] modifier=[null] msgText=[CQ KE2FII FM29]
16:56:43.737 CQ_DEBUG i3=1 n3=5 to=[CQ] from=[VE7ZAX] extra=[CN89] modifier=[null] msgText=[CQ VE7ZAX CN89]
16:56:43.738 QSO: cycle(deep) slot=1 order=2 newOrder=-1 to=KD4YTW noReply=11/0
16:56:43.739 PskReporterSender: enqueued 1 spots (queue=2)
16:56:44.645 QSO: TX slot=1 order=2 msg=[KD4YTW K1AF -12]
16:56:44.647 serial.send[4]: TX1; | hex: 54 58 31 3B
16:56:44.648 serial.send: write completed OK
16:56:44.690 CQ_DEBUG i3=1 n3=4 to=[CQ] from=[K0C] extra=[EM28] modifier=[null] msgText=[CQ K0C EM28]
16:56:44.691 CQ_DEBUG i3=1 n3=2 to=[CQ] from=[N4NJJ] extra=[DM26] modifier=[null] msgText=[CQ N4NJJ DM26]
16:56:44.691 CQ_DEBUG i3=1 n3=1 to=[CQ] from=[KI0E] extra=[DN13] modifier=[null] msgText=[CQ KI0E DN13]
16:56:44.752 playFT8Signal: TX path branch: audioOutputDeviceId=-1 usbAudioOutputVidPid=0D8C:0012 volume=22% autoVolume=false
16:56:44.752 playFT8Signal: using USB audio (direct) output
16:56:44.753 playViaUsbAudio: start, VID=0D8C PID=0012 samples=151680 rate=12000
16:56:44.760 playViaUsbAudio: device opened, output activated at 48000 Hz
16:56:44.763 playViaUsbAudio: calling writeAudio playLength=151680 rate=12000
16:56:44.831 UsbAudioDevice: trying libusb native write fd=129 iface=1 alt=1 ep=0x01 maxPkt=200 bytes=2426880 outputRate=48000 ch=2
16:56:49.702 UsbAudioDevice: libusb native write OK
16:56:49.705 playViaUsbAudio: writeAudio returned OK
16:56:49.712 serial.send[4]: TX0; | hex: 54 58 30 3B
16:56:49.715 serial.send: write completed OK
16:56:58.306 DECODE: kept=4 ownEcho=0 junk=0 replyToMe=false slot=1
16:56:58.308 QSO: skip cycle, newest decode in own slot 1
16:56:58.309 QSO: cycle(deep) slot=1 order=6 newOrder=-1 to=CQ noReply=0/0
16:56:58.311 PskReporterSender: enqueued 4 spots (queue=6)
16:56:58.841 CQ_DEBUG i3=1 n3=4 to=[CQ] from=[W7MWR] extra=[CN88] modifier=[null] msgText=[CQ W7MWR CN88]
16:56:58.842 CQ_DEBUG i3=1 n3=3 to=[CQ] from=[KF9UG] extra=[EN71] modifier=[null] msgText=[CQ KF9UG EN71]
16:56:58.843 CQ_DEBUG i3=1 n3=6 to=[CQ] from=[KO1U] extra=[FN42] modifier=[null] msgText=[CQ KO1U FN42]
16:56:58.844 QSO: cycle(deep) slot=1 order=6 newOrder=-1 to=CQ noReply=0/0
16:56:58.845 PskReporterSender: enqueued 9 spots (queue=15)
16:56:59.823 QSO: cycle(deep) slot=1 order=6 newOrder=-1 to=CQ noReply=0/0
16:56:59.825 PskReporterSender: enqueued 1 spots (queue=16)
16:57:13.379 DECODE: kept=11 ownEcho=0 junk=0 replyToMe=false slot=0
16:57:13.381 CQ_DEBUG i3=1 n3=6 to=[CQ] from=[KB2OBF] extra=[FN02] modifier=[null] msgText=[CQ KB2OBF FN02]
16:57:13.381 CQ_DEBUG i3=1 n3=5 to=[CQ] from=[VE7LCG] extra=[CN89] modifier=[null] msgText=[CQ VE7LCG CN89]
16:57:13.382 CQ_DEBUG i3=4 n3=1 to=[CQ] from=[W5C/D] extra=[] modifier=[null] msgText=[CQ W5C/D]
16:57:13.382 CQ_DEBUG i3=1 n3=7 to=[CQ DX] from=[DF1KW] extra=[JO31] modifier=[null] msgText=[CQ DX DF1KW JO31]
16:57:13.383 QSO: cycle slot=1 order=6 newOrder=-1 to=CQ noReply=0/0
16:57:13.384 PskReporterSender: enqueued 3 spots (queue=19)
16:57:13.903 CQ_DEBUG i3=1 n3=5 to=[CQ] from=[VE7ZAX] extra=[CN89] modifier=[null] msgText=[CQ VE7ZAX CN89]
16:57:13.904 CQ_DEBUG i3=1 n3=4 to=[CQ] from=[K0C] extra=[EM28] modifier=[null] msgText=[CQ K0C EM28]
16:57:13.905 QSO: cycle(deep) slot=1 order=6 newOrder=-1 to=CQ noReply=0/0
16:57:13.907 PskReporterSender: enqueued 2 spots (queue=21)
16:57:14.644 QSO: TX slot=1 order=6 msg=[CQ K1AF EM28]
16:57:14.648 serial.send[4]: TX1; | hex: 54 58 31 3B
16:57:14.651 serial.send: write completed OK
16:57:14.809 playFT8Signal: TX path branch: audioOutputDeviceId=-1 usbAudioOutputVidPid=0D8C:0012 volume=22% autoVolume=false
16:57:14.811 playFT8Signal: using USB audio (direct) output
16:57:14.812 playViaUsbAudio: start, VID=0D8C PID=0012 samples=151680 rate=12000
16:57:14.830 playViaUsbAudio: device opened, output activated at 48000 Hz
16:57:14.834 playViaUsbAudio: calling writeAudio playLength=151680 rate=12000
16:57:14.967 UsbAudioDevice: trying libusb native write fd=129 iface=1 alt=1 ep=0x01 maxPkt=200 bytes=2426880 outputRate=48000 ch=2
16:57:15.233 PskReporterSender: enqueued 1 spots (queue=22)
16:57:27.618 UsbAudioDevice: libusb native write OK
16:57:27.623 playViaUsbAudio: writeAudio returned OK
16:57:27.636 serial.send[4]: TX0; | hex: 54 58 30 3B
16:57:27.638 serial.send: write completed OK
16:57:28.353 DECODE: kept=0 ownEcho=1 junk=0 replyToMe=false slot=1
16:57:43.338 DECODE: kept=11 ownEcho=0 junk=0 replyToMe=false slot=0
16:57:43.339 CQ_DEBUG i3=1 n3=6 to=[CQ] from=[KB2OBF] extra=[FN02] modifier=[null] msgText=[CQ KB2OBF FN02]
16:57:43.339 CQ_DEBUG i3=4 n3=1 to=[CQ] from=[W5C/D] extra=[] modifier=[null] msgText=[CQ W5C/D]
16:57:43.340 CQ_DEBUG i3=1 n3=4 to=[CQ] from=[K0C] extra=[EM28] modifier=[null] msgText=[CQ K0C EM28]
16:57:43.340 QSO: cycle slot=1 order=6 newOrder=-1 to=CQ noReply=0/0
16:57:43.341 QSO: cycle(deep) slot=1 order=6 newOrder=-1 to=CQ noReply=0/0
16:57:43.342 PskReporterSender: enqueued 3 spots (queue=25)
16:57:43.817 CQ_DEBUG i3=1 n3=5 to=[CQ] from=[VE7LCG] extra=[CN89] modifier=[null] msgText=[CQ VE7LCG CN89]
16:57:43.818 CQ_DEBUG i3=1 n3=7 to=[CQ DX] from=[DF1KW] extra=[JO31] modifier=[null] msgText=[CQ DX DF1KW JO31]
16:57:43.819 QSO: cycle(deep) slot=1 order=6 newOrder=-1 to=CQ noReply=0/0
16:57:43.820 PskReporterSender: enqueued 1 spots (queue=26)
16:57:44.646 QSO: TX slot=1 order=6 msg=[CQ K1AF EM28]
16:57:44.651 serial.send[4]: TX1; | hex: 54 58 31 3B
16:57:44.653 serial.send: write completed OK
16:57:44.793 playFT8Signal: TX path branch: audioOutputDeviceId=-1 usbAudioOutputVidPid=0D8C:0012 volume=22% autoVolume=false
16:57:44.795 playFT8Signal: using USB audio (direct) output
16:57:44.796 playViaUsbAudio: start, VID=0D8C PID=0012 samples=151680 rate=12000
16:57:44.803 playViaUsbAudio: device opened, output activated at 48000 Hz
16:57:44.805 playViaUsbAudio: calling writeAudio playLength=151680 rate=12000
16:57:44.871 UsbAudioDevice: trying libusb native write fd=129 iface=1 alt=1 ep=0x01 maxPkt=200 bytes=2426880 outputRate=48000 ch=2
16:57:45.022 PskReporterSender: enqueued 1 spots (queue=27)
16:57:57.517 UsbAudioDevice: libusb native write OK
16:57:57.519 playViaUsbAudio: writeAudio returned OK
16:57:57.531 serial.send[4]: TX0; | hex: 54 58 30 3B
16:57:57.536 serial.send: write completed OK
16:57:58.252 DECODE: kept=0 ownEcho=1 junk=0 replyToMe=false slot=1
16:58:13.351 DECODE: kept=9 ownEcho=0 junk=0 replyToMe=false slot=0
16:58:13.352 CQ_DEBUG i3=1 n3=6 to=[CQ] from=[KB2OBF] extra=[FN02] modifier=[null] msgText=[CQ KB2OBF FN02]
16:58:13.353 CQ_DEBUG i3=4 n3=1 to=[CQ] from=[W5C/D] extra=[] modifier=[null] msgText=[CQ W5C/D]
16:58:13.354 CQ_DEBUG i3=1 n3=4 to=[CQ] from=[K0C] extra=[EM28] modifier=[null] msgText=[CQ K0C EM28]
16:58:13.354 CQ_DEBUG i3=1 n3=7 to=[CQ] from=[9A5E] extra=[JN75] modifier=[null] msgText=[CQ 9A5E JN75]
16:58:13.355 CQ_DEBUG i3=1 n3=5 to=[CQ] from=[VE7LCG] extra=[CN89] modifier=[null] msgText=[CQ VE7LCG CN89]
16:58:13.356 QSO: cycle slot=1 order=6 newOrder=-1 to=CQ noReply=0/0
16:58:13.357 QSO: cycle(deep) slot=1 order=6 newOrder=-1 to=CQ noReply=0/0
16:58:13.359 PskReporterSender: enqueued 2 spots (queue=29)
16:58:13.840 QSO: cycle(deep) slot=1 order=6 newOrder=-1 to=CQ noReply=0/0
16:58:13.841 PskReporterSender: enqueued 1 spots (queue=30)
16:58:14.650 QSO: TX slot=1 order=6 msg=[CQ K1AF EM28]
16:58:14.655 serial.send[4]: TX1; | hex: 54 58 31 3B
16:58:14.658 serial.send: write completed OK
16:58:14.798 playFT8Signal: TX path branch: audioOutputDeviceId=-1 usbAudioOutputVidPid=0D8C:0012 volume=22% autoVolume=false
16:58:14.800 playFT8Signal: using USB audio (direct) output
16:58:14.800 CQ_DEBUG i3=1 n3=5 to=[CQ] from=[VE7ZAX] extra=[CN89] modifier=[null] msgText=[CQ VE7ZAX CN89]
16:58:14.801 playViaUsbAudio: start, VID=0D8C PID=0012 samples=151680 rate=12000
16:58:14.823 playViaUsbAudio: device opened, output activated at 48000 Hz
16:58:14.844 playViaUsbAudio: calling writeAudio playLength=151680 rate=12000
16:58:14.919 UsbAudioDevice: trying libusb native write fd=129 iface=1 alt=1 ep=0x01 maxPkt=200 bytes=2426880 outputRate=48000 ch=2
16:58:27.566 UsbAudioDevice: libusb native write OK
16:58:27.572 playViaUsbAudio: writeAudio returned OK
16:58:27.579 serial.send[4]: TX0; | hex: 54 58 30 3B
16:58:27.580 serial.send: write completed OK
16:58:28.281 DECODE: kept=0 ownEcho=1 junk=0 replyToMe=false slot=1
16:58:43.396 DECODE: kept=18 ownEcho=0 junk=0 replyToMe=false slot=0
16:58:43.399 CQ_DEBUG i3=1 n3=6 to=[CQ] from=[KB2OBF] extra=[FN02] modifier=[null] msgText=[CQ KB2OBF FN02]
16:58:43.399 CQ_DEBUG i3=4 n3=1 to=[CQ] from=[W5C/D] extra=[] modifier=[null] msgText=[CQ W5C/D]
16:58:43.400 CQ_DEBUG i3=1 n3=7 to=[CQ] from=[9A5E] extra=[JN75] modifier=[null] msgText=[CQ 9A5E JN75]
16:58:43.401 CQ_DEBUG i3=1 n3=7 to=[CQ] from=[W9JA] extra=[EN43] modifier=[null] msgText=[CQ W9JA EN43]
16:58:43.402 CQ_DEBUG i3=1 n3=4 to=[CQ] from=[KJ5ODS] extra=[EM12] modifier=[null] msgText=[CQ KJ5ODS EM12]
16:58:43.403 CQ_DEBUG i3=1 n3=4 to=[CQ] from=[K0C] extra=[EM28] modifier=[null] msgText=[CQ K0C EM28]
16:58:43.403 CQ_DEBUG i3=1 n3=5 to=[CQ] from=[VE7LCG] extra=[CN89] modifier=[null] msgText=[CQ VE7LCG CN89]
16:58:43.404 QSO: cycle slot=1 order=6 newOrder=-1 to=CQ noReply=0/0
16:58:43.405 QSO: cycle(deep) slot=1 order=6 newOrder=-1 to=CQ noReply=0/0
16:58:43.407 PskReporterSender: enqueued 3 spots (queue=33)
16:58:43.862 QSO: cycle(deep) slot=1 order=6 newOrder=-1 to=CQ noReply=0/0
16:58:44.638 PskReporter: fetch start call=K1AF secondsBack=3600 mode=FT8 byReceiver=false
16:58:44.649 QSO: TX slot=1 order=6 msg=[CQ K1AF EM28]
16:58:44.653 serial.send[4]: TX1; | hex: 54 58 31 3B
16:58:44.662 serial.send: write completed OK
16:58:44.802 playFT8Signal: TX path branch: audioOutputDeviceId=-1 usbAudioOutputVidPid=0D8C:0012 volume=22% autoVolume=false
16:58:44.804 playFT8Signal: using USB audio (direct) output
16:58:44.805 playViaUsbAudio: start, VID=0D8C PID=0012 samples=151680 rate=12000
16:58:44.818 playViaUsbAudio: device opened, output activated at 48000 Hz
16:58:44.821 playViaUsbAudio: calling writeAudio playLength=151680 rate=12000
16:58:44.853 UsbAudioDevice: trying libusb native write fd=129 iface=1 alt=1 ep=0x01 maxPkt=200 bytes=2426880 outputRate=48000 ch=2
16:58:45.169 CQ_DEBUG i3=1 n3=2 to=[CQ USA] from=[G6CUT] extra=[IO90] modifier=[null] msgText=[CQ USA G6CUT IO90]
16:58:45.170 CQ_DEBUG i3=1 n3=0 to=[CQ] from=[KC2HRG] extra=[FN20] modifier=[null] msgText=[CQ KC2HRG FN20]
16:58:45.171 CQ_DEBUG i3=1 n3=5 to=[CQ] from=[VE7ZAX] extra=[CN89] modifier=[null] msgText=[CQ VE7ZAX CN89]
16:58:45.172 PskReporterSender: enqueued 2 spots (queue=35)
16:58:45.422 PskReporter: parse: skipped noGrid=0 badGrid=124 badAttr=0
16:58:45.423 PskReporter: fetch ok N=445
16:58:57.501 UsbAudioDevice: libusb native write OK
16:58:57.504 playViaUsbAudio: writeAudio returned OK
16:58:57.511 serial.send[4]: TX0; | hex: 54 58 30 3B
16:58:57.515 serial.send: write completed OK
16:58:58.265 DECODE: kept=0 ownEcho=1 junk=0 replyToMe=false slot=1
16:59:13.362 DECODE: kept=13 ownEcho=0 junk=0 replyToMe=false slot=0
16:59:13.364 CQ_DEBUG i3=1 n3=7 to=[CQ] from=[W9JA] extra=[EN43] modifier=[null] msgText=[CQ W9JA EN43]
16:59:13.364 CQ_DEBUG i3=1 n3=6 to=[CQ] from=[KB2OBF] extra=[FN02] modifier=[null] msgText=[CQ KB2OBF FN02]
16:59:13.365 CQ_DEBUG i3=1 n3=5 to=[CQ] from=[VE7LCG] extra=[CN89] modifier=[null] msgText=[CQ VE7LCG CN89]
16:59:13.365 CQ_DEBUG i3=1 n3=5 to=[CQ] from=[VE7ZAX] extra=[CN89] modifier=[null] msgText=[CQ VE7ZAX CN89]
16:59:13.366 QSO: cycle slot=1 order=6 newOrder=-1 to=CQ noReply=0/0
16:59:13.367 QSO: cycle(deep) slot=1 order=6 newOrder=-1 to=CQ noReply=0/0
16:59:13.369 PskReporterSender: enqueued 2 spots (queue=37)
16:59:13.858 QSO: cycle(deep) slot=1 order=6 newOrder=-1 to=CQ noReply=0/0
16:59:14.642 QSO: TX slot=1 order=6 msg=[CQ K1AF EM28]
16:59:14.647 serial.send[4]: TX1; | hex: 54 58 31 3B
16:59:14.652 serial.send: write completed OK
16:59:14.800 playFT8Signal: TX path branch: audioOutputDeviceId=-1 usbAudioOutputVidPid=0D8C:0012 volume=22% autoVolume=false
16:59:14.802 playFT8Signal: using USB audio (direct) output
16:59:14.803 playViaUsbAudio: start, VID=0D8C PID=0012 samples=151680 rate=12000
16:59:14.826 playViaUsbAudio: device opened, output activated at 48000 Hz
16:59:14.831 playViaUsbAudio: calling writeAudio playLength=151680 rate=12000
16:59:14.902 UsbAudioDevice: trying libusb native write fd=129 iface=1 alt=1 ep=0x01 maxPkt=200 bytes=2426880 outputRate=48000 ch=2
16:59:15.107 CQ_DEBUG i3=1 n3=0 to=[CQ] from=[KC2HRG] extra=[FN20] modifier=[null] msgText=[CQ KC2HRG FN20]
16:59:15.110 PskReporterSender: enqueued 1 spots (queue=38)
16:59:27.561 UsbAudioDevice: libusb native write OK
16:59:27.564 playViaUsbAudio: writeAudio returned OK
16:59:27.572 serial.send[4]: TX0; | hex: 54 58 30 3B
16:59:27.576 serial.send: write completed OK
16:59:28.272 DECODE: kept=0 ownEcho=1 junk=0 replyToMe=false slot=1
16:59:43.361 DECODE: kept=11 ownEcho=0 junk=0 replyToMe=true slot=0
16:59:43.363 CQ_DEBUG i3=1 n3=6 to=[CQ] from=[KB2OBF] extra=[FN02] modifier=[null] msgText=[CQ KB2OBF FN02]
16:59:43.363 CQ_DEBUG i3=1 n3=1 to=[CQ] from=[KY4UI] extra=[EM73] modifier=[null] msgText=[CQ KY4UI EM73]
16:59:43.364 CQ_DEBUG i3=1 n3=0 to=[CQ] from=[KE8TTQ] extra=[EM88] modifier=[null] msgText=[CQ KE8TTQ EM88]
16:59:43.364 CQ_DEBUG i3=1 n3=0 to=[CQ] from=[KC2HRG] extra=[FN20] modifier=[null] msgText=[CQ KC2HRG FN20]
16:59:43.365 QSO: cycle slot=1 order=6 newOrder=-1 to=CQ noReply=0/0
16:59:43.366 QSO: setTransmit to=KD4YTW order=2 slot=1
16:59:43.367 QSO: cycle(deep) slot=1 order=2 newOrder=-1 to=KD4YTW noReply=0/0
16:59:43.368 PskReporterSender: enqueued 2 spots (queue=40)
16:59:43.939 CQ_DEBUG i3=1 n3=5 to=[CQ] from=[VE7LCG] extra=[CN89] modifier=[null] msgText=[CQ VE7LCG CN89]
16:59:43.940 QSO: cycle(deep) slot=1 order=2 newOrder=-1 to=KD4YTW noReply=0/0
16:59:44.652 QSO: TX slot=1 order=2 msg=[KD4YTW K1AF -12]
16:59:44.654 serial.send[4]: TX1; | hex: 54 58 31 3B
16:59:44.656 serial.send: write completed OK
16:59:44.807 playFT8Signal: TX path branch: audioOutputDeviceId=-1 usbAudioOutputVidPid=0D8C:0012 volume=22% autoVolume=false
16:59:44.809 playFT8Signal: using USB audio (direct) output
16:59:44.811 playViaUsbAudio: start, VID=0D8C PID=0012 samples=151680 rate=12000
16:59:44.830 playViaUsbAudio: device opened, output activated at 48000 Hz
16:59:44.834 playViaUsbAudio: calling writeAudio playLength=151680 rate=12000
16:59:44.893 UsbAudioDevice: trying libusb native write fd=129 iface=1 alt=1 ep=0x01 maxPkt=200 bytes=2426880 outputRate=48000 ch=2
16:59:57.540 UsbAudioDevice: libusb native write OK
16:59:57.545 playViaUsbAudio: writeAudio returned OK
16:59:57.556 serial.send[4]: TX0; | hex: 54 58 30 3B
16:59:57.558 serial.send: write completed OK
16:59:58.268 DECODE: kept=0 ownEcho=1 junk=0 replyToMe=false slot=1
17:00:13.392 DECODE: kept=4 ownEcho=0 junk=0 replyToMe=false slot=0
17:00:13.393 CQ_DEBUG i3=1 n3=6 to=[CQ] from=[KB2OBF] extra=[FN02] modifier=[null] msgText=[CQ KB2OBF FN02]
17:00:13.395 QSO: cycle slot=1 order=2 newOrder=-1 to=KD4YTW noReply=0/0
17:00:13.395 QSO: no-reply 1 (order=2 to=KD4YTW)
17:00:13.396 QSO: cycle(deep) slot=1 order=2 newOrder=-1 to=KD4YTW noReply=1/0
17:00:13.999 CQ_DEBUG i3=1 n3=2 to=[CQ] from=[N4NJJ] extra=[DM26] modifier=[null] msgText=[CQ N4NJJ DM26]
17:00:14.001 CQ_DEBUG i3=4 n3=1 to=[CQ] from=[W5C/D] extra=[] modifier=[null] msgText=[CQ W5C/D]
17:00:14.002 CQ_DEBUG i3=1 n3=0 to=[CQ] from=[KE8TTQ] extra=[EM88] modifier=[null] msgText=[CQ KE8TTQ EM88]
17:00:14.003 QSO: cycle(deep) slot=1 order=2 newOrder=-1 to=KD4YTW noReply=1/0
17:00:14.005 PskReporterSender: enqueued 3 spots (queue=43)
17:00:14.649 QSO: TX slot=1 order=2 msg=[KD4YTW K1AF -12]
17:00:14.659 serial.send[4]: TX1; | hex: 54 58 31 3B
17:00:14.662 serial.send: write completed OK
17:00:14.795 playFT8Signal: TX path branch: audioOutputDeviceId=-1 usbAudioOutputVidPid=0D8C:0012 volume=22% autoVolume=false
17:00:14.797 playFT8Signal: using USB audio (direct) output
17:00:14.799 playViaUsbAudio: start, VID=0D8C PID=0012 samples=151680 rate=12000
17:00:14.821 playViaUsbAudio: device opened, output activated at 48000 Hz
17:00:14.824 playViaUsbAudio: calling writeAudio playLength=151680 rate=12000
17:00:14.888 UsbAudioDevice: trying libusb native write fd=129 iface=1 alt=1 ep=0x01 maxPkt=200 bytes=2426880 outputRate=48000 ch=2
17:00:15.201 PskReporterSender: enqueued 1 spots (queue=44)
17:00:27.536 UsbAudioDevice: libusb native write OK
17:00:27.538 playViaUsbAudio: writeAudio returned OK
17:00:27.542 serial.send[4]: TX0; | hex: 54 58 30 3B
17:00:27.546 serial.send: write completed OK
17:00:28.289 DECODE: kept=0 ownEcho=1 junk=0 replyToMe=false slot=1
17:00:34.746 rig.recv[1]:  
17:00:42.076 usbDetach: vid=10c4 pid=ea70
17:00:42.109 UsbAudioDevice: libusb capture stopped, code=1 (all transfers retired (no terminal cause))
17:00:42.109 startUsbCapture: capture STOPPED (sawData=true aliveMs=853216 failure=false consecFailures=0)
17:00:42.110 startUsbCapture: not re-arming USB capture (isRunning=false)
17:00:42.127 openUsbAudioInput: found device 0D8C:0012 name=USB Audio Device
17:00:42.143 openUsbAudioInput: UsbAudioDevice.open() FAILED (descriptor parse or claimInterface failed)
17:00:42.143 MicRecorder: reinit AudioRecord(VOICE_RECOGNITION)
17:00:42.174 usbDetach: vid=d8c pid=12
17:00:42.308 openUsbAudioInput: device not found by VID:PID 0D8C:0012
17:00:42.309 MicRecorder: reinit AudioRecord(VOICE_RECOGNITION)
17:00:44.649 QSO: TX slot=1 order=2 msg=[KD4YTW K1AF -12]
17:00:44.652 serial.send: port not open!
17:00:44.780 playFT8Signal: TX path branch: audioOutputDeviceId=-1 usbAudioOutputVidPid=0D8C:0012 volume=22% autoVolume=false
17:00:44.782 playFT8Signal: using USB audio (direct) output
17:00:44.783 playViaUsbAudio: start, VID=0D8C PID=0012 samples=151680 rate=12000
17:00:44.784 playViaUsbAudio: ABORT USB audio output device not found by VID:PID 0D8C:0012
17:00:44.785 serial.send: port not open!
17:00:45.172 CQ_DEBUG i3=1 n3=7 to=[CQ] from=[W9JA] extra=[EN43] modifier=[null] msgText=[CQ W9JA EN43]
17:00:45.174 QSO: cycle(deep) slot=1 order=2 newOrder=-1 to=KD4YTW noReply=1/0
17:00:45.174 QSO: cycle(deep) slot=1 order=2 newOrder=-1 to=KD4YTW noReply=1/0
17:00:45.175 PskReporterSender: enqueued 1 spots (queue=45)
17:00:46.800 QSO: cycle(deep) slot=1 order=2 newOrder=-1 to=KD4YTW noReply=1/0
17:00:47.835 CQ_DEBUG i3=4 n3=1 to=[CQ] from=[W5C/D] extra=[] modifier=[null] msgText=[CQ W5C/D]
17:00:47.836 CQ_DEBUG i3=1 n3=4 to=[CQ] from=[K0C] extra=[EM28] modifier=[null] msgText=[CQ K0C EM28]
17:00:47.837 QSO: cycle(deep) slot=1 order=2 newOrder=-1 to=KD4YTW noReply=1/0
17:00:49.784 QSO: cycle(deep) slot=1 order=2 newOrder=-1 to=KD4YTW noReply=1/0
17:00:54.156 PskReporterSender: sent 1 packet(s) with 45 spots
06:01:30.187 MicRecorder: init audioInputDeviceId=0 usbVidPid=0000:0000
06:01:30.232 MicRecorder: AudioRecord(VOICE_RECOGNITION) using system default mic
06:01:30.250 PskReporterSender: start
06:01:30.269 QsoAutoSync: skip (app-start): enabled=false
06:01:30.270 === APP START ===
06:01:30.271 UsbAudioNative: ft8af_usb (libusb 1.0.27.11882)
06:01:30.273 QsoAutoSync: skip (network-available): enabled=false
06:01:30.510 configLoaded: instructionSet=19, baudRate=38400, controlMode=1, connectMode=0
06:01:30.532 initData: scanning USB devices
06:01:30.535 autoConnect: no serial ports detected
06:01:30.535 initData: found 0 serial port(s)
06:01:30.606 openUsbAudioInput: device not found by VID:PID 0D8C:0012
06:01:30.606 MicRecorder: reinit AudioRecord(VOICE_RECOGNITION)
06:01:30.635 autoConnectBT: decision=NOT_BT_MODE addr=<none> connectMode=0
06:01:32.212 Pota: polling started (subscribers=1)
06:01:32.345 Pota: spots ok N=13 (filter=FT8)
06:01:33.638 initData delayed: rigConnected=false
06:01:33.642 initData delayed: found 0 serial port(s)
06:01:33.730 openUsbAudioInput: device not found by VID:PID 0D8C:0012
06:01:33.731 MicRecorder: reinit AudioRecord(VOICE_RECOGNITION)
06:02:29.887 QSO: cycle(deep) slot=0 order=6 newOrder=-1 to=null noReply=0/0
06:02:32.392 Pota: spots ok N=13 (filter=FT8)
06:03:32.441 Pota: spots ok N=13 (filter=FT8)
06:04:14.887 QSO: cycle(deep) slot=0 order=6 newOrder=-1 to=null noReply=0/0
06:04:14.895 PskReporterSender: enqueued 1 spots (queue=1)
06:04:32.535 Pota: spots ok N=12 (filter=FT8)
06:05:32.625 Pota: spots ok N=12 (filter=FT8)
06:06:08.031 PskReporterSender: sent 1 packet(s) with 1 spots
06:06:32.709 Pota: spots ok N=12 (filter=FT8)
06:07:32.787 Pota: spots ok N=12 (filter=FT8)
06:08:32.887 Pota: spots ok N=11 (filter=FT8)
06:09:32.971 Pota: spots ok N=11 (filter=FT8)
06:10:33.082 Pota: spots ok N=11 (filter=FT8)
06:10:46.280 QSO: cycle(deep) slot=0 order=6 newOrder=-1 to=null noReply=0/0
06:10:46.281 PskReporterSender: enqueued 1 spots (queue=1)
06:11:25.305 PskReporterSender: sent 1 packet(s) with 1 spots
06:11:26.739 QsoAutoSync: nothing pending (network-available)
06:11:33.720 Pota: spots ok N=11 (filter=FT8)
06:11:55.788 PskReporter: fetch start call=K1AF secondsBack=3600 mode=FT8 byReceiver=false
06:11:56.485 PskReporter: fetch ok N=0
06:12:33.847 Pota: spots ok N=11 (filter=FT8)
06:12:45.972 PskReporter: fetch start call=K1AF secondsBack=3600 mode=FT8 byReceiver=false
06:12:46.171 PskReporter: fetch ok N=0
06:13:26.586 autoConnect: no serial ports detected
06:13:26.613 onNewIntent: USB_DEVICE_ATTACHED
06:13:27.011 onNewIntent: immediate scan found 0 port(s)
06:13:27.012 onNewIntent: USB_DEVICE_ATTACHED
06:13:27.012 onNewIntent: attached device is configured USB audio; ensuring permission
06:13:27.014 onNewIntent: immediate scan found 0 port(s)
06:13:27.091 autoConnect: connecting to port 0 of 2 (instructionSet=19, baudRate=38400, controlMode=1)
06:13:28.119 setOperationBand: sending USB mode, then freq=14074000 in 800ms (controlMode=1)
06:13:28.120 serial.send[5]: MD0C; | hex: 4D 44 30 43 3B
06:13:28.120 serial.send: write completed OK
06:13:28.121 serial.send[12]: NA00;SH0117; | hex: 4E 41 30 30 3B 53 48 30 31 31 37 3B
06:13:28.121 serial.send: write completed OK
06:13:28.122 setUsbModeToRig: mode=DATA-USB, sent NA00;SH0117 (3000Hz)
06:13:28.611 setOperationBand: sending USB mode, then freq=14074000 in 800ms (controlMode=1)
06:13:28.612 serial.send[5]: MD0C; | hex: 4D 44 30 43 3B
06:13:28.613 serial.send: write completed OK
06:13:28.613 serial.send[12]: NA00;SH0117; | hex: 4E 41 30 30 3B 53 48 30 31 31 37 3B
06:13:28.613 serial.send: write completed OK
06:13:28.614 setUsbModeToRig: mode=DATA-USB, sent NA00;SH0117 (3000Hz)
06:13:28.935 setOperationBand: setting freq=14074000 (rig.getFreq=0)
06:13:28.936 serial.send[12]: FA014074000; | hex: 46 41 30 31 34 30 37 34 30 30 30 3B
06:13:28.937 serial.send: write completed OK
06:13:29.018 onNewIntent delayed: rigConnected=true
06:13:29.043 openUsbAudioInput: found device 0D8C:0012 name=USB Audio Device
06:13:29.047 UsbAudioDevice: UAC alt-setting select — iface 2 alt 1 rate 48000 ch 1 (preferred 48000, was alt 1)
06:13:29.049 openUsbAudioInput: SUCCESS at 48000 Hz
06:13:29.050 UsbAudioDevice: trying libusb native capture fd=106 iface=2 alt=1 ep=0x82 maxPkt=100 inputRate=48000 ch=1 targetRate=12000
06:13:29.055 UsbAudioDevice: libusb capture started OK
06:13:29.055 onNewIntent delayed: rigConnected=true
06:13:29.070 UsbAudioDevice: libusb capture stopped, code=0 (clean stop (nativeStop))
06:13:29.070 startUsbCapture: capture STOPPED (sawData=false aliveMs=20 failure=true consecFailures=1)
06:13:29.071 startUsbCapture: backing off 2000ms before USB reinit (consecFailures=1)
06:13:31.072 startUsbCapture: not re-arming USB capture (isRunning=false)
06:13:31.082 openUsbAudioInput: found device 0D8C:0012 name=USB Audio Device
06:13:31.085 UsbAudioDevice: UAC alt-setting select — iface 2 alt 1 rate 48000 ch 1 (preferred 48000, was alt 1)
06:13:31.090 openUsbAudioInput: SUCCESS at 48000 Hz
06:13:31.091 UsbAudioDevice: trying libusb native capture fd=106 iface=2 alt=1 ep=0x82 maxPkt=100 inputRate=48000 ch=1 targetRate=12000
06:13:31.092 UsbAudioDevice: libusb capture started OK
06:13:31.100 startUsbCapture: first audio data received, USB stream is live
06:13:31.104 Pota: polling stopped
06:13:31.143 setOperationBand: setting freq=14074000 (rig.getFreq=14074000)
06:13:31.144 serial.send[12]: FA014074000; | hex: 46 41 30 31 34 30 37 34 30 30 30 3B
06:13:31.144 serial.send: write completed OK
06:13:38.938 bandSelect: index=20, band=14074000, controlMode=1, rigConnected=true
06:13:38.939 setOperationBand: sending USB mode, then freq=14074000 in 800ms (controlMode=1)
06:13:38.939 serial.send[5]: MD0C; | hex: 4D 44 30 43 3B
06:13:38.940 serial.send: write completed OK
06:13:38.940 serial.send[12]: NA00;SH0117; | hex: 4E 41 30 30 3B 53 48 30 31 31 37 3B
06:13:38.940 serial.send: write completed OK
06:13:38.941 setUsbModeToRig: mode=DATA-USB, sent NA00;SH0117 (3000Hz)
06:13:39.742 setOperationBand: setting freq=14074000 (rig.getFreq=14074000)
06:13:39.743 serial.send[12]: FA014074000; | hex: 46 41 30 31 34 30 37 34 30 30 30 3B
06:13:39.743 serial.send: write completed OK
06:13:44.649 DECODE: kept=2 ownEcho=0 junk=0 replyToMe=false slot=0
06:13:44.650 QSO: skip cycle, newest decode in own slot 0
06:13:44.650 PskReporterSender: enqueued 2 spots (queue=2)
06:14:07.754 QSO: setTransmit to=CQ order=6 slot=1
06:14:07.754 bandSelect: index=17, band=10136000, controlMode=1, rigConnected=true
06:14:07.754 setOperationBand: sending USB mode, then freq=10136000 in 800ms (controlMode=1)
06:14:07.755 serial.send[5]: MD0C; | hex: 4D 44 30 43 3B
06:14:07.755 serial.send: write completed OK
06:14:07.756 serial.send[12]: NA00;SH0117; | hex: 4E 41 30 30 3B 53 48 30 31 31 37 3B
06:14:07.756 serial.send: write completed OK
06:14:07.756 setUsbModeToRig: mode=DATA-USB, sent NA00;SH0117 (3000Hz)
06:14:08.556 setOperationBand: setting freq=10136000 (rig.getFreq=14074000)
06:14:08.558 serial.send[12]: FA010136000; | hex: 46 41 30 31 30 31 33 36 30 30 30 3B
06:14:08.559 serial.send: write completed OK
06:14:29.661 DECODE: kept=1 ownEcho=0 junk=0 replyToMe=false slot=1
06:14:29.663 CQ_DEBUG i3=1 n3=1 to=[CQ] from=[XE1YD] extra=[EK09] modifier=[null] msgText=[CQ XE1YD EK09]
06:14:29.664 QSO: skip cycle, newest decode in own slot 1
06:14:29.666 PskReporterSender: enqueued 1 spots (queue=3)
06:14:41.334 bandSelect: index=13, band=7074000, controlMode=1, rigConnected=true
06:14:41.335 setOperationBand: sending USB mode, then freq=7074000 in 800ms (controlMode=1)
06:14:41.335 serial.send[5]: MD0C; | hex: 4D 44 30 43 3B
06:14:41.336 serial.send: write completed OK
06:14:41.337 serial.send[12]: NA00;SH0117; | hex: 4E 41 30 30 3B 53 48 30 31 31 37 3B
06:14:41.337 serial.send: write completed OK
06:14:41.337 setUsbModeToRig: mode=DATA-USB, sent NA00;SH0117 (3000Hz)
06:14:42.138 setOperationBand: setting freq=7074000 (rig.getFreq=10136000)
06:14:42.139 serial.send[12]: FA007074000; | hex: 46 41 30 30 37 30 37 34 30 30 30 3B
06:14:42.140 serial.send: write completed OK
06:14:44.941 QSO: cycle(deep) slot=1 order=6 newOrder=-1 to=CQ noReply=0/0
06:14:44.942 PskReporterSender: enqueued 1 spots (queue=4)
06:15:14.704 DECODE: kept=4 ownEcho=0 junk=0 replyToMe=false slot=0
06:15:14.704 CQ_DEBUG i3=1 n3=0 to=[CQ] from=[W6TOX] extra=[DM24] modifier=[null] msgText=[CQ W6TOX DM24]
06:15:14.705 CQ_DEBUG i3=1 n3=2 to=[CQ] from=[W1JKU] extra=[EM74] modifier=[null] msgText=[CQ W1JKU EM74]
06:15:14.705 QSO: cycle slot=1 order=6 newOrder=-1 to=CQ noReply=0/0
06:15:14.706 PskReporterSender: enqueued 4 spots (queue=8)
06:15:29.682 DECODE: kept=5 ownEcho=0 junk=0 replyToMe=false slot=1
06:15:29.683 QSO: skip cycle, newest decode in own slot 1
06:15:29.684 PskReporterSender: enqueued 5 spots (queue=13)
06:15:29.910 CQ_DEBUG i3=1 n3=5 to=[CQ] from=[VE7ZAX] extra=[CN89] modifier=[null] msgText=[CQ VE7ZAX CN89]
06:15:29.911 QSO: cycle(deep) slot=1 order=6 newOrder=-1 to=CQ noReply=0/0
06:15:29.911 PskReporterSender: enqueued 1 spots (queue=14)
06:15:40.302 Pota: polling started (subscribers=1)
06:15:40.546 Pota: spots ok N=11 (filter=FT8)
06:15:41.452 Pota: polling stopped
06:15:44.731 DECODE: kept=3 ownEcho=0 junk=0 replyToMe=false slot=0
06:15:44.733 QSO: cycle slot=1 order=6 newOrder=-1 to=CQ noReply=0/0
06:15:44.979 CQ_DEBUG i3=1 n3=2 to=[CQ] from=[W1JKU] extra=[EM74] modifier=[null] msgText=[CQ W1JKU EM74]
06:15:44.979 QSO: cycle(deep) slot=1 order=6 newOrder=-1 to=CQ noReply=0/0
06:15:46.076 QSO: TX slot=1 order=6 msg=[CQ K1AF EM28]
06:15:46.092 serial.send[4]: TX1; | hex: 54 58 31 3B
06:15:46.094 serial.send: write completed OK
06:15:46.211 playFT8Signal: TX path branch: audioOutputDeviceId=-1 usbAudioOutputVidPid=0D8C:0012 volume=22% autoVolume=false
06:15:46.212 playFT8Signal: using USB audio (direct) output
06:15:46.213 playViaUsbAudio: start, VID=0D8C PID=0012 samples=151680 rate=12000
06:15:46.229 playViaUsbAudio: device opened, output activated at 48000 Hz
06:15:46.233 playViaUsbAudio: calling writeAudio playLength=151680 rate=12000
06:15:46.247 UsbAudioDevice: trying libusb native write fd=121 iface=1 alt=1 ep=0x01 maxPkt=200 bytes=2426880 outputRate=48000 ch=2
06:15:57.517 PskReporterSender: sent 1 packet(s) with 14 spots
06:15:58.891 UsbAudioDevice: libusb native write OK
06:15:58.898 playViaUsbAudio: writeAudio returned OK
06:15:58.902 serial.send[4]: TX0; | hex: 54 58 30 3B
06:15:58.904 serial.send: write completed OK
06:15:59.678 DECODE: kept=0 ownEcho=1 junk=0 replyToMe=false slot=1
06:16:14.730 DECODE: kept=4 ownEcho=0 junk=0 replyToMe=false slot=0
06:16:14.731 CQ_DEBUG i3=1 n3=7 to=[CQ] from=[N8UW] extra=[EN91] modifier=[null] msgText=[CQ N8UW EN91]
06:16:14.731 CQ_DEBUG i3=1 n3=5 to=[CQ] from=[W5PKK] extra=[EM13] modifier=[null] msgText=[CQ W5PKK EM13]
06:16:14.732 QSO: cycle slot=1 order=6 newOrder=-1 to=CQ noReply=0/0
06:16:14.732 PskReporterSender: enqueued 3 spots (queue=3)
06:16:14.969 CQ_DEBUG i3=1 n3=2 to=[CQ] from=[W1JKU] extra=[EM74] modifier=[null] msgText=[CQ W1JKU EM74]
06:16:14.970 QSO: cycle(deep) slot=1 order=6 newOrder=-1 to=CQ noReply=0/0
06:16:15.306 QSO: cycle(deep) slot=1 order=6 newOrder=-1 to=CQ noReply=0/0
06:16:15.307 PskReporterSender: enqueued 1 spots (queue=4)
06:16:16.071 QSO: TX slot=1 order=6 msg=[CQ K1AF EM28]
06:16:16.072 serial.send[4]: TX1; | hex: 54 58 31 3B
06:16:16.074 serial.send: write completed OK
06:16:16.197 playFT8Signal: TX path branch: audioOutputDeviceId=-1 usbAudioOutputVidPid=0D8C:0012 volume=27% autoVolume=false
06:16:16.199 playFT8Signal: using USB audio (direct) output
06:16:16.199 playViaUsbAudio: start, VID=0D8C PID=0012 samples=151680 rate=12000
06:16:16.206 playViaUsbAudio: device opened, output activated at 48000 Hz
06:16:16.209 playViaUsbAudio: calling writeAudio playLength=151680 rate=12000
06:16:16.247 UsbAudioDevice: trying libusb native write fd=121 iface=1 alt=1 ep=0x01 maxPkt=200 bytes=2426880 outputRate=48000 ch=2
06:16:28.891 UsbAudioDevice: libusb native write OK
06:16:28.892 playViaUsbAudio: writeAudio returned OK
06:16:28.899 serial.send[4]: TX0; | hex: 54 58 30 3B
06:16:28.901 serial.send: write completed OK
06:16:29.696 DECODE: kept=0 ownEcho=1 junk=0 replyToMe=false slot=1
06:16:44.671 DECODE: kept=4 ownEcho=0 junk=0 replyToMe=false slot=0
06:16:44.672 CQ_DEBUG i3=1 n3=0 to=[CQ] from=[W6TOX] extra=[DM24] modifier=[null] msgText=[CQ W6TOX DM24]
06:16:44.672 CQ_DEBUG i3=1 n3=7 to=[CQ] from=[N8UW] extra=[EN91] modifier=[null] msgText=[CQ N8UW EN91]
06:16:44.673 QSO: cycle slot=1 order=6 newOrder=-1 to=CQ noReply=0/0
06:16:44.673 PskReporterSender: enqueued 1 spots (queue=5)
06:16:44.912 CQ_DEBUG i3=1 n3=2 to=[CQ] from=[W1JKU] extra=[EM74] modifier=[null] msgText=[CQ W1JKU EM74]
06:16:44.913 QSO: cycle(deep) slot=1 order=6 newOrder=-1 to=CQ noReply=0/0
06:16:44.913 PskReporterSender: enqueued 1 spots (queue=6)
06:16:45.257 CQ_DEBUG i3=1 n3=4 to=[CQ] from=[W9FTR] extra=[EM60] modifier=[null] msgText=[CQ W9FTR EM60]
06:16:45.258 QSO: cycle(deep) slot=1 order=6 newOrder=-1 to=CQ noReply=0/0
06:16:45.259 PskReporterSender: enqueued 1 spots (queue=7)
06:16:45.897 QSO: TX slot=1 order=6 msg=[CQ K1AF EM28]
06:16:45.898 serial.send[4]: TX1; | hex: 54 58 31 3B
06:16:45.900 serial.send: write completed OK
06:16:46.031 playFT8Signal: TX path branch: audioOutputDeviceId=-1 usbAudioOutputVidPid=0D8C:0012 volume=27% autoVolume=false
06:16:46.033 playFT8Signal: using USB audio (direct) output
06:16:46.034 playViaUsbAudio: start, VID=0D8C PID=0012 samples=151680 rate=12000
06:16:46.042 playViaUsbAudio: device opened, output activated at 48000 Hz
06:16:46.044 playViaUsbAudio: calling writeAudio playLength=151680 rate=12000
06:16:46.070 UsbAudioDevice: trying libusb native write fd=109 iface=1 alt=1 ep=0x01 maxPkt=200 bytes=2426880 outputRate=48000 ch=2
06:16:58.716 UsbAudioDevice: libusb native write OK
06:16:58.721 playViaUsbAudio: writeAudio returned OK
06:16:58.726 serial.send[4]: TX0; | hex: 54 58 30 3B
06:16:58.732 serial.send: write completed OK
06:16:59.489 DECODE: kept=0 ownEcho=1 junk=0 replyToMe=false slot=1
06:17:06.987 Pota: polling started (subscribers=1)
06:17:07.204 Pota: spots ok N=12 (filter=FT8)
06:17:14.531 DECODE: kept=7 ownEcho=0 junk=0 replyToMe=false slot=0
06:17:14.533 CQ_DEBUG i3=1 n3=0 to=[CQ] from=[W6TOX] extra=[DM24] modifier=[null] msgText=[CQ W6TOX DM24]
06:17:14.533 CQ_DEBUG i3=1 n3=4 to=[CQ] from=[W9FTR] extra=[EM60] modifier=[null] msgText=[CQ W9FTR EM60]
06:17:14.534 CQ_DEBUG i3=1 n3=6 to=[CQ] from=[KC1WAY] extra=[FN42] modifier=[null] msgText=[CQ KC1WAY FN42]
06:17:14.534 CQ_DEBUG i3=1 n3=2 to=[CQ] from=[W1JKU] extra=[EM74] modifier=[null] msgText=[CQ W1JKU EM74]
06:17:14.534 CQ_DEBUG i3=1 n3=5 to=[CQ] from=[W5PKK] extra=[EM13] modifier=[null] msgText=[CQ W5PKK EM13]
06:17:14.535 QSO: cycle slot=1 order=6 newOrder=-1 to=CQ noReply=0/0
06:17:14.536 PskReporterSender: enqueued 2 spots (queue=9)
06:17:14.772 QSO: cycle(deep) slot=1 order=6 newOrder=-1 to=CQ noReply=0/0
06:17:14.773 QSO: setTransmit to=W8RID order=2 slot=1
06:17:14.773 PskReporterSender: enqueued 1 spots (queue=10)
06:17:15.159 QSO: cycle(deep) slot=1 order=2 newOrder=-1 to=W8RID noReply=0/0
06:17:15.347 QrzWeb: W8RID -> https://cdn-bio.qrz.com/d/w8rid/QSL_Card_W8RID_Current.jpg?p=2abd8443c5392fb015f27b407aa5ab5d
06:17:15.902 QSO: TX slot=1 order=2 msg=[W8RID K1AF -9]
06:17:15.906 serial.send[4]: TX1; | hex: 54 58 31 3B
06:17:15.917 serial.send: write completed OK
06:17:16.047 playFT8Signal: TX path branch: audioOutputDeviceId=-1 usbAudioOutputVidPid=0D8C:0012 volume=27% autoVolume=false
06:17:16.048 playFT8Signal: using USB audio (direct) output
06:17:16.049 playViaUsbAudio: start, VID=0D8C PID=0012 samples=151680 rate=12000
06:17:16.055 playViaUsbAudio: device opened, output activated at 48000 Hz
06:17:16.059 playViaUsbAudio: calling writeAudio playLength=151680 rate=12000
06:17:16.071 UsbAudioDevice: trying libusb native write fd=167 iface=1 alt=1 ep=0x01 maxPkt=200 bytes=2426880 outputRate=48000 ch=2
06:17:28.723 UsbAudioDevice: libusb native write OK
06:17:28.724 playViaUsbAudio: writeAudio returned OK
06:17:28.736 serial.send[4]: TX0; | hex: 54 58 30 3B
06:17:28.743 serial.send: write completed OK
06:17:29.496 DECODE: kept=0 ownEcho=1 junk=0 replyToMe=false slot=1
06:17:44.482 DECODE: kept=4 ownEcho=0 junk=0 replyToMe=true slot=0
06:17:44.483 QSO: cycle slot=1 order=2 newOrder=3 to=W8RID noReply=0/0
06:17:44.484 QSO: advance order 2->4 with W8RID
06:17:44.485 PskReporterSender: enqueued 1 spots (queue=11)
06:17:44.720 QSO: cycle(deep) slot=1 order=4 newOrder=-1 to=W8RID noReply=0/0
06:17:45.055 QSO: cycle(deep) slot=1 order=4 newOrder=-1 to=W8RID noReply=0/0
06:17:45.901 QSO: TX slot=1 order=4 msg=[W8RID K1AF RR73]
06:17:45.903 serial.send[4]: TX1; | hex: 54 58 31 3B
06:17:45.905 serial.send: write completed OK
06:17:46.035 playFT8Signal: TX path branch: audioOutputDeviceId=-1 usbAudioOutputVidPid=0D8C:0012 volume=27% autoVolume=false
06:17:46.036 playFT8Signal: using USB audio (direct) output
06:17:46.037 playViaUsbAudio: start, VID=0D8C PID=0012 samples=151680 rate=12000
06:17:46.042 playViaUsbAudio: device opened, output activated at 48000 Hz
06:17:46.043 playViaUsbAudio: calling writeAudio playLength=151680 rate=12000
06:17:46.057 UsbAudioDevice: trying libusb native write fd=175 iface=1 alt=1 ep=0x01 maxPkt=200 bytes=2426880 outputRate=48000 ch=2
06:17:58.699 UsbAudioDevice: libusb native write OK
06:17:58.701 playViaUsbAudio: writeAudio returned OK
06:17:58.706 serial.send[4]: TX0; | hex: 54 58 30 3B
06:17:58.708 serial.send: write completed OK
06:17:59.487 DECODE: kept=0 ownEcho=1 junk=0 replyToMe=false slot=1
06:18:07.305 Pota: spots ok N=13 (filter=FT8)
06:18:14.499 DECODE: kept=3 ownEcho=0 junk=0 replyToMe=true slot=0
06:18:14.500 QSO: cycle slot=1 order=4 newOrder=5 to=W8RID noReply=0/0
06:18:14.500 QSO: complete with W8RID (order=4 newOrder=5) -> reset to CQ
06:18:14.746 QSO: cycle(deep) slot=1 order=6 newOrder=-1 to=CQ noReply=0/0
06:18:15.904 QSO: TX slot=1 order=6 msg=[CQ K1AF EM28]
06:18:15.908 serial.send[4]: TX1; | hex: 54 58 31 3B
06:18:15.914 serial.send: write completed OK
06:18:16.034 playFT8Signal: TX path branch: audioOutputDeviceId=-1 usbAudioOutputVidPid=0D8C:0012 volume=27% autoVolume=false
06:18:16.034 playFT8Signal: using USB audio (direct) output
06:18:16.034 playViaUsbAudio: start, VID=0D8C PID=0012 samples=151680 rate=12000
06:18:16.042 playViaUsbAudio: device opened, output activated at 48000 Hz
06:18:16.044 playViaUsbAudio: calling writeAudio playLength=151680 rate=12000
06:18:16.081 UsbAudioDevice: trying libusb native write fd=136 iface=1 alt=1 ep=0x01 maxPkt=200 bytes=2426880 outputRate=48000 ch=2
06:18:28.725 UsbAudioDevice: libusb native write OK
06:18:28.726 playViaUsbAudio: writeAudio returned OK
06:18:28.732 serial.send[4]: TX0; | hex: 54 58 30 3B
06:18:28.735 serial.send: write completed OK
06:18:29.507 DECODE: kept=0 ownEcho=1 junk=0 replyToMe=false slot=1
06:18:44.557 DECODE: kept=4 ownEcho=0 junk=0 replyToMe=false slot=0
06:18:44.558 QSO: cycle slot=1 order=6 newOrder=-1 to=CQ noReply=0/0
06:18:44.793 QSO: cycle(deep) slot=1 order=6 newOrder=-1 to=CQ noReply=0/0
06:18:45.902 QSO: TX slot=1 order=6 msg=[CQ K1AF EM28]
06:18:45.914 serial.send[4]: TX1; | hex: 54 58 31 3B
06:18:45.915 serial.send: write completed OK
06:18:46.037 playFT8Signal: TX path branch: audioOutputDeviceId=-1 usbAudioOutputVidPid=0D8C:0012 volume=27% autoVolume=false
06:18:46.042 playFT8Signal: using USB audio (direct) output
06:18:46.043 playViaUsbAudio: start, VID=0D8C PID=0012 samples=151680 rate=12000
06:18:46.050 playViaUsbAudio: device opened, output activated at 48000 Hz
06:18:46.051 playViaUsbAudio: calling writeAudio playLength=151680 rate=12000
06:18:46.080 UsbAudioDevice: trying libusb native write fd=190 iface=1 alt=1 ep=0x01 maxPkt=200 bytes=2426880 outputRate=48000 ch=2
06:18:58.723 UsbAudioDevice: libusb native write OK
06:18:58.726 playViaUsbAudio: writeAudio returned OK
06:18:58.730 serial.send[4]: TX0; | hex: 54 58 30 3B
06:18:58.732 serial.send: write completed OK
06:18:59.529 DECODE: kept=0 ownEcho=1 junk=0 replyToMe=false slot=1
06:19:07.511 Pota: spots ok N=12 (filter=FT8)
06:19:14.526 DECODE: kept=5 ownEcho=0 junk=0 replyToMe=false slot=0
06:19:14.527 QSO: cycle slot=1 order=6 newOrder=-1 to=CQ noReply=0/0
06:19:14.758 QSO: cycle(deep) slot=1 order=6 newOrder=-1 to=CQ noReply=0/0
06:19:14.759 PskReporterSender: enqueued 1 spots (queue=12)
06:19:15.900 QSO: TX slot=1 order=6 msg=[CQ K1AF EM28]
06:19:15.902 serial.send[4]: TX1; | hex: 54 58 31 3B
06:19:15.911 serial.send: write completed OK
06:19:16.032 playFT8Signal: TX path branch: audioOutputDeviceId=-1 usbAudioOutputVidPid=0D8C:0012 volume=27% autoVolume=false
06:19:16.033 playFT8Signal: using USB audio (direct) output
06:19:16.033 playViaUsbAudio: start, VID=0D8C PID=0012 samples=151680 rate=12000
06:19:16.041 playViaUsbAudio: device opened, output activated at 48000 Hz
06:19:16.042 playViaUsbAudio: calling writeAudio playLength=151680 rate=12000
06:19:16.055 UsbAudioDevice: trying libusb native write fd=120 iface=1 alt=1 ep=0x01 maxPkt=200 bytes=2426880 outputRate=48000 ch=2
06:19:28.700 UsbAudioDevice: libusb native write OK
06:19:28.704 playViaUsbAudio: writeAudio returned OK
06:19:28.711 serial.send[4]: TX0; | hex: 54 58 30 3B
06:19:28.712 serial.send: write completed OK
06:19:29.536 DECODE: kept=0 ownEcho=1 junk=0 replyToMe=false slot=1
06:19:33.691 Pota: polling stopped
06:19:41.952 Pota: polling started (subscribers=1)
06:19:42.183 Pota: spots ok N=12 (filter=FT8)
06:19:44.527 DECODE: kept=5 ownEcho=0 junk=0 replyToMe=false slot=0
06:19:44.528 QSO: cycle slot=1 order=6 newOrder=-1 to=CQ noReply=0/0
06:19:44.529 PskReporterSender: enqueued 1 spots (queue=13)
06:19:44.757 QSO: cycle(deep) slot=1 order=6 newOrder=-1 to=CQ noReply=0/0
06:19:45.924 QSO: TX slot=1 order=6 msg=[CQ K1AF EM28]
06:19:45.926 serial.send[4]: TX1; | hex: 54 58 31 3B
06:19:45.929 serial.send: write completed OK
06:19:46.042 playFT8Signal: TX path branch: audioOutputDeviceId=-1 usbAudioOutputVidPid=0D8C:0012 volume=27% autoVolume=false
06:19:46.043 playFT8Signal: using USB audio (direct) output
06:19:46.043 playViaUsbAudio: start, VID=0D8C PID=0012 samples=151680 rate=12000
06:19:46.051 playViaUsbAudio: device opened, output activated at 48000 Hz
06:19:46.052 playViaUsbAudio: calling writeAudio playLength=151680 rate=12000
06:19:46.065 UsbAudioDevice: trying libusb native write fd=134 iface=1 alt=1 ep=0x01 maxPkt=200 bytes=2426880 outputRate=48000 ch=2
06:19:58.709 UsbAudioDevice: libusb native write OK
06:19:58.712 playViaUsbAudio: writeAudio returned OK
06:19:58.719 serial.send[4]: TX0; | hex: 54 58 30 3B
06:19:58.724 serial.send: write completed OK
06:19:59.474 DECODE: kept=0 ownEcho=1 junk=0 replyToMe=false slot=1
06:20:14.528 DECODE: kept=2 ownEcho=0 junk=0 replyToMe=false slot=0
06:20:14.529 QSO: cycle slot=1 order=6 newOrder=-1 to=CQ noReply=0/0
06:20:14.801 QSO: cycle(deep) slot=1 order=6 newOrder=-1 to=CQ noReply=0/0
06:20:15.903 QSO: TX slot=1 order=6 msg=[CQ K1AF EM28]
06:20:15.914 serial.send[4]: TX1; | hex: 54 58 31 3B
06:20:15.926 serial.send: write completed OK
06:20:16.034 playFT8Signal: TX path branch: audioOutputDeviceId=-1 usbAudioOutputVidPid=0D8C:0012 volume=27% autoVolume=false
06:20:16.036 playFT8Signal: using USB audio (direct) output
06:20:16.036 playViaUsbAudio: start, VID=0D8C PID=0012 samples=151680 rate=12000
06:20:16.041 playViaUsbAudio: device opened, output activated at 48000 Hz
06:20:16.042 playViaUsbAudio: calling writeAudio playLength=151680 rate=12000
06:20:16.053 UsbAudioDevice: trying libusb native write fd=135 iface=1 alt=1 ep=0x01 maxPkt=200 bytes=2426880 outputRate=48000 ch=2
06:20:28.709 UsbAudioDevice: libusb native write OK
06:20:28.714 playViaUsbAudio: writeAudio returned OK
06:20:28.718 serial.send[4]: TX0; | hex: 54 58 30 3B
06:20:28.721 serial.send: write completed OK
06:20:29.481 DECODE: kept=0 ownEcho=1 junk=0 replyToMe=false slot=1
06:20:42.285 Pota: spots ok N=12 (filter=FT8)
06:20:44.509 DECODE: kept=2 ownEcho=0 junk=0 replyToMe=false slot=0
06:20:44.509 QSO: cycle slot=1 order=6 newOrder=-1 to=CQ noReply=0/0
06:20:44.783 QSO: cycle(deep) slot=1 order=6 newOrder=-1 to=CQ noReply=0/0
06:20:44.784 PskReporterSender: enqueued 2 spots (queue=15)
06:20:45.905 QSO: TX slot=1 order=6 msg=[CQ K1AF EM28]
06:20:45.907 serial.send[4]: TX1; | hex: 54 58 31 3B
06:20:45.910 serial.send: write completed OK
06:20:46.018 playFT8Signal: TX path branch: audioOutputDeviceId=-1 usbAudioOutputVidPid=0D8C:0012 volume=27% autoVolume=false
06:20:46.018 playFT8Signal: using USB audio (direct) output
06:20:46.018 playViaUsbAudio: start, VID=0D8C PID=0012 samples=151680 rate=12000
06:20:46.021 playViaUsbAudio: device opened, output activated at 48000 Hz
06:20:46.022 playViaUsbAudio: calling writeAudio playLength=151680 rate=12000
06:20:46.035 UsbAudioDevice: trying libusb native write fd=120 iface=1 alt=1 ep=0x01 maxPkt=200 bytes=2426880 outputRate=48000 ch=2
06:20:46.108 PskReporterSender: sent 1 packet(s) with 15 spots
06:20:58.679 UsbAudioDevice: libusb native write OK
06:20:58.684 playViaUsbAudio: writeAudio returned OK
06:20:58.691 serial.send[4]: TX0; | hex: 54 58 30 3B
06:20:58.692 serial.send: write completed OK
06:20:59.510 DECODE: kept=0 ownEcho=1 junk=0 replyToMe=false slot=1
06:21:14.525 DECODE: kept=6 ownEcho=0 junk=0 replyToMe=false slot=0
06:21:14.526 QSO: cycle slot=1 order=6 newOrder=-1 to=CQ noReply=0/0
06:21:14.527 PskReporterSender: enqueued 1 spots (queue=1)
06:21:15.910 QSO: TX slot=1 order=6 msg=[CQ K1AF EM28]
06:21:15.913 serial.send[4]: TX1; | hex: 54 58 31 3B
06:21:15.915 serial.send: write completed OK
06:21:16.055 playFT8Signal: TX path branch: audioOutputDeviceId=-1 usbAudioOutputVidPid=0D8C:0012 volume=27% autoVolume=false
06:21:16.056 playFT8Signal: using USB audio (direct) output
06:21:16.057 playViaUsbAudio: start, VID=0D8C PID=0012 samples=151680 rate=12000
06:21:16.065 playViaUsbAudio: device opened, output activated at 48000 Hz
06:21:16.066 playViaUsbAudio: calling writeAudio playLength=151680 rate=12000
06:21:16.085 UsbAudioDevice: trying libusb native write fd=135 iface=1 alt=1 ep=0x01 maxPkt=200 bytes=2426880 outputRate=48000 ch=2
06:21:16.262 PskReporterSender: enqueued 1 spots (queue=2)
06:21:24.164 UsbAudioDevice: libusb native write OK
06:21:24.167 playViaUsbAudio: writeAudio returned OK
06:21:24.170 serial.send[4]: TX0; | hex: 54 58 30 3B
06:21:24.171 serial.send: write completed OK
06:21:29.499 bandSelect: index=17, band=10136000, controlMode=1, rigConnected=true
06:21:29.500 setOperationBand: sending USB mode, then freq=10136000 in 800ms (controlMode=1)
06:21:29.501 serial.send[5]: MD0C; | hex: 4D 44 30 43 3B
06:21:29.503 serial.send: write completed OK
06:21:29.504 serial.send[12]: NA00;SH0117; | hex: 4E 41 30 30 3B 53 48 30 31 31 37 3B
06:21:29.505 serial.send: write completed OK
06:21:29.506 setUsbModeToRig: mode=DATA-USB, sent NA00;SH0117 (3000Hz)
06:21:30.326 setOperationBand: setting freq=10136000 (rig.getFreq=7074000)
06:21:30.328 serial.send[12]: FA010136000; | hex: 46 41 30 31 30 31 33 36 30 30 30 3B
06:21:30.329 serial.send: write completed OK
06:21:42.547 Pota: spots ok N=12 (filter=FT8)
06:21:43.162 Pota: polling stopped
06:21:45.907 QSO: TX slot=1 order=6 msg=[CQ K1AF EM28]
06:21:45.908 serial.send[4]: TX1; | hex: 54 58 31 3B
06:21:45.910 serial.send: write completed OK
06:21:46.043 playFT8Signal: TX path branch: audioOutputDeviceId=-1 usbAudioOutputVidPid=0D8C:0012 volume=69% autoVolume=false
06:21:46.044 playFT8Signal: using USB audio (direct) output
06:21:46.045 playViaUsbAudio: start, VID=0D8C PID=0012 samples=151680 rate=12000
06:21:46.054 playViaUsbAudio: device opened, output activated at 48000 Hz
06:21:46.058 playViaUsbAudio: calling writeAudio playLength=151680 rate=12000
06:21:46.074 UsbAudioDevice: trying libusb native write fd=169 iface=1 alt=1 ep=0x01 maxPkt=200 bytes=2426880 outputRate=48000 ch=2
06:21:58.719 UsbAudioDevice: libusb native write OK
06:21:58.720 playViaUsbAudio: writeAudio returned OK
06:21:58.733 serial.send[4]: TX0; | hex: 54 58 30 3B
06:21:58.735 serial.send: write completed OK
06:21:59.514 DECODE: kept=0 ownEcho=1 junk=0 replyToMe=false slot=1
06:21:59.637 QSO: cycle(deep) slot=1 order=6 newOrder=-1 to=CQ noReply=0/0
06:21:59.638 QSO: cycle(deep) slot=1 order=6 newOrder=-1 to=CQ noReply=0/0
06:21:59.638 PskReporterSender: enqueued 1 spots (queue=3)
06:22:14.483 DECODE: kept=1 ownEcho=0 junk=0 replyToMe=false slot=0
06:22:14.484 CQ_DEBUG i3=1 n3=6 to=[CQ] from=[AA4NP] extra=[EL98] modifier=[null] msgText=[CQ AA4NP EL98]
06:22:14.484 QSO: cycle slot=1 order=6 newOrder=-1 to=CQ noReply=0/0
06:22:14.485 PskReporterSender: enqueued 1 spots (queue=4)
06:22:15.910 QSO: TX slot=1 order=6 msg=[CQ K1AF EM28]
06:22:15.912 serial.send[4]: TX1; | hex: 54 58 31 3B
06:22:15.915 serial.send: write completed OK
06:22:16.045 playFT8Signal: TX path branch: audioOutputDeviceId=-1 usbAudioOutputVidPid=0D8C:0012 volume=47% autoVolume=false
06:22:16.046 playFT8Signal: using USB audio (direct) output
06:22:16.047 playViaUsbAudio: start, VID=0D8C PID=0012 samples=151680 rate=12000
06:22:16.054 playViaUsbAudio: device opened, output activated at 48000 Hz
06:22:16.054 playViaUsbAudio: calling writeAudio playLength=151680 rate=12000
06:22:16.067 UsbAudioDevice: trying libusb native write fd=109 iface=1 alt=1 ep=0x01 maxPkt=200 bytes=2426880 outputRate=48000 ch=2
06:22:28.711 UsbAudioDevice: libusb native write OK
06:22:28.713 playViaUsbAudio: writeAudio returned OK
06:22:28.721 serial.send[4]: TX0; | hex: 54 58 30 3B
06:22:28.724 serial.send: write completed OK
06:22:29.479 DECODE: kept=0 ownEcho=1 junk=0 replyToMe=false slot=1
06:22:29.620 QSO: cycle(deep) slot=1 order=6 newOrder=-1 to=CQ noReply=0/0
06:22:44.470 DECODE: kept=1 ownEcho=0 junk=0 replyToMe=false slot=0
06:22:44.471 CQ_DEBUG i3=1 n3=6 to=[CQ] from=[AA4NP] extra=[EL98] modifier=[null] msgText=[CQ AA4NP EL98]
06:22:44.471 QSO: cycle slot=1 order=6 newOrder=-1 to=CQ noReply=0/0
06:22:44.721 QSO: cycle(deep) slot=1 order=6 newOrder=-1 to=CQ noReply=0/0
06:22:44.722 QSO: setTransmit to=JA0FIL order=2 slot=1
06:22:44.722 PskReporterSender: enqueued 1 spots (queue=5)
06:22:45.908 QSO: TX slot=1 order=2 msg=[JA0FIL K1AF -17]
06:22:45.911 serial.send[4]: TX1; | hex: 54 58 31 3B
06:22:45.916 serial.send: write completed OK
06:22:46.032 playFT8Signal: TX path branch: audioOutputDeviceId=-1 usbAudioOutputVidPid=0D8C:0012 volume=47% autoVolume=false
06:22:46.033 playFT8Signal: using USB audio (direct) output
06:22:46.033 playViaUsbAudio: start, VID=0D8C PID=0012 samples=151680 rate=12000
06:22:46.042 playViaUsbAudio: device opened, output activated at 48000 Hz
06:22:46.043 playViaUsbAudio: calling writeAudio playLength=151680 rate=12000
06:22:46.054 UsbAudioDevice: trying libusb native write fd=136 iface=1 alt=1 ep=0x01 maxPkt=200 bytes=2426880 outputRate=48000 ch=2
06:22:58.697 UsbAudioDevice: libusb native write OK
06:22:58.701 playViaUsbAudio: writeAudio returned OK
06:22:58.707 serial.send[4]: TX0; | hex: 54 58 30 3B
06:22:58.709 serial.send: write completed OK
06:22:59.546 DECODE: kept=0 ownEcho=1 junk=0 replyToMe=false slot=1
06:23:14.493 DECODE: kept=2 ownEcho=0 junk=0 replyToMe=true slot=0
06:23:14.494 CQ_DEBUG i3=1 n3=6 to=[CQ] from=[AA4NP] extra=[EL98] modifier=[null] msgText=[CQ AA4NP EL98]
06:23:14.494 QSO: cycle slot=1 order=2 newOrder=3 to=JA0FIL noReply=0/0
06:23:14.494 QSO: advance order 2->4 with JA0FIL
06:23:15.911 QSO: TX slot=1 order=4 msg=[JA0FIL K1AF RR73]
06:23:15.921 serial.send[4]: TX1; | hex: 54 58 31 3B
06:23:15.933 serial.send: write completed OK
06:23:16.057 playFT8Signal: TX path branch: audioOutputDeviceId=-1 usbAudioOutputVidPid=0D8C:0012 volume=47% autoVolume=false
06:23:16.058 playFT8Signal: using USB audio (direct) output
06:23:16.059 playViaUsbAudio: start, VID=0D8C PID=0012 samples=151680 rate=12000
06:23:16.067 playViaUsbAudio: device opened, output activated at 48000 Hz
06:23:16.069 playViaUsbAudio: calling writeAudio playLength=151680 rate=12000
06:23:16.101 UsbAudioDevice: trying libusb native write fd=176 iface=1 alt=1 ep=0x01 maxPkt=200 bytes=2426880 outputRate=48000 ch=2
06:23:28.752 UsbAudioDevice: libusb native write OK
06:23:28.754 playViaUsbAudio: writeAudio returned OK
06:23:28.774 serial.send[4]: TX0; | hex: 54 58 30 3B
06:23:28.775 serial.send: write completed OK
06:23:29.448 DECODE: kept=0 ownEcho=1 junk=0 replyToMe=false slot=1
06:23:44.488 DECODE: kept=2 ownEcho=0 junk=0 replyToMe=true slot=0
06:23:44.489 CQ_DEBUG i3=1 n3=6 to=[CQ] from=[AA4NP] extra=[EL98] modifier=[null] msgText=[CQ AA4NP EL98]
06:23:44.490 QSO: cycle slot=1 order=4 newOrder=5 to=JA0FIL noReply=0/0
06:23:44.490 QSO: complete with JA0FIL (order=4 newOrder=5) -> reset to CQ
06:23:45.911 QSO: TX slot=1 order=6 msg=[CQ K1AF EM28]
06:23:45.914 serial.send[4]: TX1; | hex: 54 58 31 3B
06:23:45.916 serial.send: write completed OK
06:23:46.032 playFT8Signal: TX path branch: audioOutputDeviceId=-1 usbAudioOutputVidPid=0D8C:0012 volume=37% autoVolume=false
06:23:46.033 playFT8Signal: using USB audio (direct) output
06:23:46.034 playViaUsbAudio: start, VID=0D8C PID=0012 samples=151680 rate=12000
06:23:46.046 playViaUsbAudio: device opened, output activated at 48000 Hz
06:23:46.047 playViaUsbAudio: calling writeAudio playLength=151680 rate=12000
06:23:46.066 UsbAudioDevice: trying libusb native write fd=167 iface=1 alt=1 ep=0x01 maxPkt=200 bytes=2426880 outputRate=48000 ch=2
06:23:50.002 Pota: polling started (subscribers=1)
06:23:50.719 Pota: spots ok N=13 (filter=FT8)
06:23:58.708 UsbAudioDevice: libusb native write OK
06:23:58.709 playViaUsbAudio: writeAudio returned OK
06:23:58.714 serial.send[4]: TX0; | hex: 54 58 30 3B
06:23:58.715 serial.send: write completed OK
06:23:59.449 DECODE: kept=0 ownEcho=1 junk=0 replyToMe=false slot=1
06:23:59.564 QSO: cycle(deep) slot=1 order=6 newOrder=-1 to=CQ noReply=0/0
06:24:07.792 QSO: setTransmit to=AA4NP order=1 slot=1
06:24:09.857 QrzWeb: AA4NP -> https://cdn-bio.qrz.com/p/aa4np/20180612_202545.jpg?p=c55e8efd3abc15dfe30dc0891a45fcde
06:24:14.565 DECODE: kept=4 ownEcho=0 junk=0 replyToMe=true slot=0
06:24:14.566 CQ_DEBUG i3=1 n3=6 to=[CQ] from=[AA4NP] extra=[EL98] modifier=[null] msgText=[CQ AA4NP EL98]
06:24:14.567 QSO: cycle slot=1 order=1 newOrder=-1 to=AA4NP noReply=0/0
06:24:14.567 QSO: enqueue caller JK1JOT (queue size 1)
06:24:14.568 QSO: no-reply 1 (order=1 to=AA4NP)
06:24:14.568 PskReporterSender: enqueued 2 spots (queue=7)
06:24:15.911 QSO: TX slot=1 order=1 msg=[AA4NP K1AF EM28]
06:24:15.913 serial.send[4]: TX1; | hex: 54 58 31 3B
06:24:15.915 serial.send: write completed OK
06:24:16.022 playFT8Signal: TX path branch: audioOutputDeviceId=-1 usbAudioOutputVidPid=0D8C:0012 volume=37% autoVolume=false
06:24:16.022 playFT8Signal: using USB audio (direct) output
06:24:16.023 playViaUsbAudio: start, VID=0D8C PID=0012 samples=151680 rate=12000
06:24:16.029 playViaUsbAudio: device opened, output activated at 48000 Hz
06:24:16.030 playViaUsbAudio: calling writeAudio playLength=151680 rate=12000
06:24:16.041 UsbAudioDevice: trying libusb native write fd=176 iface=1 alt=1 ep=0x01 maxPkt=200 bytes=2426880 outputRate=48000 ch=2
06:24:28.684 UsbAudioDevice: libusb native write OK
06:24:28.687 playViaUsbAudio: writeAudio returned OK
06:24:28.708 serial.send[4]: TX0; | hex: 54 58 30 3B
06:24:28.712 serial.send: write completed OK
06:24:29.482 DECODE: kept=0 ownEcho=1 junk=0 replyToMe=false slot=1
06:24:44.523 DECODE: kept=5 ownEcho=0 junk=0 replyToMe=true slot=0
06:24:44.524 QSO: cycle slot=1 order=1 newOrder=2 to=AA4NP noReply=1/0
06:24:44.524 QSO: advance order 1->3 with AA4NP
06:24:44.525 PskReporterSender: enqueued 2 spots (queue=9)
06:24:45.903 QSO: TX slot=1 order=3 msg=[AA4NP K1AF R-10]
06:24:45.908 serial.send[4]: TX1; | hex: 54 58 31 3B
06:24:45.914 serial.send: write completed OK
06:24:46.045 playFT8Signal: TX path branch: audioOutputDeviceId=-1 usbAudioOutputVidPid=0D8C:0012 volume=32% autoVolume=false
06:24:46.046 playFT8Signal: using USB audio (direct) output
06:24:46.046 playViaUsbAudio: start, VID=0D8C PID=0012 samples=151680 rate=12000
06:24:46.056 playViaUsbAudio: device opened, output activated at 48000 Hz
06:24:46.058 playViaUsbAudio: calling writeAudio playLength=151680 rate=12000
06:24:46.091 UsbAudioDevice: trying libusb native write fd=182 iface=1 alt=1 ep=0x01 maxPkt=200 bytes=2426880 outputRate=48000 ch=2
06:24:50.838 Pota: spots ok N=13 (filter=FT8)
06:24:58.733 UsbAudioDevice: libusb native write OK
06:24:58.735 playViaUsbAudio: writeAudio returned OK
06:24:58.738 serial.send[4]: TX0; | hex: 54 58 30 3B
06:24:58.739 serial.send: write completed OK
06:24:59.501 DECODE: kept=0 ownEcho=1 junk=0 replyToMe=false slot=1
06:25:14.564 DECODE: kept=2 ownEcho=0 junk=0 replyToMe=true slot=0
06:25:14.565 QSO: cycle slot=1 order=3 newOrder=4 to=AA4NP noReply=0/0
06:25:14.566 QSO: rx RR73 from AA4NP -> reply 73
06:25:14.810 QSO: cycle(deep) slot=1 order=5 newOrder=-1 to=AA4NP noReply=0/0
06:25:15.905 QSO: TX slot=1 order=5 msg=[AA4NP K1AF 73]
06:25:15.917 serial.send[4]: TX1; | hex: 54 58 31 3B
06:25:15.921 serial.send: write completed OK
06:25:16.027 playFT8Signal: TX path branch: audioOutputDeviceId=-1 usbAudioOutputVidPid=0D8C:0012 volume=32% autoVolume=false
06:25:16.028 playFT8Signal: using USB audio (direct) output
06:25:16.028 playViaUsbAudio: start, VID=0D8C PID=0012 samples=151680 rate=12000
06:25:16.042 playViaUsbAudio: device opened, output activated at 48000 Hz
06:25:16.043 playViaUsbAudio: calling writeAudio playLength=151680 rate=12000
06:25:16.071 UsbAudioDevice: trying libusb native write fd=158 iface=1 alt=1 ep=0x01 maxPkt=200 bytes=2426880 outputRate=48000 ch=2
06:25:28.720 UsbAudioDevice: libusb native write OK
06:25:28.721 playViaUsbAudio: writeAudio returned OK
06:25:28.734 serial.send[4]: TX0; | hex: 54 58 30 3B
06:25:28.740 serial.send: write completed OK
06:25:29.535 DECODE: kept=0 ownEcho=1 junk=0 replyToMe=false slot=1
06:25:44.509 DECODE: kept=1 ownEcho=0 junk=0 replyToMe=false slot=0
06:25:44.510 QSO: cycle slot=1 order=5 newOrder=-1 to=AA4NP noReply=0/0
06:25:44.510 QSO: complete with AA4NP (order=5 newOrder=-1) -> reset to CQ
06:25:44.511 QSO: dequeue caller JK1JOT (0 left in queue)
06:25:44.512 QSO: setTransmit to=JK1JOT order=2 slot=1
06:25:44.760 QSO: cycle(deep) slot=1 order=2 newOrder=-1 to=JK1JOT noReply=0/0
06:25:44.761 QSO: enqueue caller N1SK (queue size 1)
06:25:45.911 QSO: TX slot=1 order=2 msg=[JK1JOT K1AF -16]
06:25:45.915 serial.send[4]: TX1; | hex: 54 58 31 3B
06:25:45.916 serial.send: write completed OK
06:25:46.040 playFT8Signal: TX path branch: audioOutputDeviceId=-1 usbAudioOutputVidPid=0D8C:0012 volume=32% autoVolume=false
06:25:46.041 playFT8Signal: using USB audio (direct) output
06:25:46.042 playViaUsbAudio: start, VID=0D8C PID=0012 samples=151680 rate=12000
06:25:46.049 playViaUsbAudio: device opened, output activated at 48000 Hz
06:25:46.050 playViaUsbAudio: calling writeAudio playLength=151680 rate=12000
06:25:46.062 UsbAudioDevice: trying libusb native write fd=162 iface=1 alt=1 ep=0x01 maxPkt=200 bytes=2426880 outputRate=48000 ch=2
06:25:48.501 QrzWeb: JK1JOT -> https://cdn-bio.qrz.com/t/jk1jot/12A9_4FC2_B308_5FEF90124A6E_jpeg.jpg?p=6e2ca0602dc70a94a1a6c61fa403f880
06:25:50.946 Pota: spots ok N=13 (filter=FT8)
06:25:58.708 UsbAudioDevice: libusb native write OK
06:25:58.718 playViaUsbAudio: writeAudio returned OK
06:25:58.723 serial.send[4]: TX0; | hex: 54 58 30 3B
06:25:58.728 serial.send: write completed OK
06:25:59.529 DECODE: kept=0 ownEcho=1 junk=0 replyToMe=false slot=1
06:26:00.557 PskReporterSender: sent 1 packet(s) with 9 spots
06:26:14.494 DECODE: kept=2 ownEcho=0 junk=0 replyToMe=false slot=0
06:26:14.495 QSO: cycle slot=1 order=2 newOrder=-1 to=JK1JOT noReply=0/0
06:26:14.498 QSO: no-reply 1 (order=2 to=JK1JOT)
06:26:14.498 PskReporterSender: enqueued 1 spots (queue=1)
06:26:15.916 QSO: TX slot=1 order=2 msg=[JK1JOT K1AF -16]
06:26:15.924 serial.send[4]: TX1; | hex: 54 58 31 3B
06:26:15.927 serial.send: write completed OK
06:26:16.044 playFT8Signal: TX path branch: audioOutputDeviceId=-1 usbAudioOutputVidPid=0D8C:0012 volume=32% autoVolume=false
06:26:16.045 playFT8Signal: using USB audio (direct) output
06:26:16.045 playViaUsbAudio: start, VID=0D8C PID=0012 samples=151680 rate=12000
06:26:16.052 playViaUsbAudio: device opened, output activated at 48000 Hz
06:26:16.052 playViaUsbAudio: calling writeAudio playLength=151680 rate=12000
06:26:16.066 UsbAudioDevice: trying libusb native write fd=143 iface=1 alt=1 ep=0x01 maxPkt=200 bytes=2426880 outputRate=48000 ch=2
06:26:28.714 UsbAudioDevice: libusb native write OK
06:26:28.716 playViaUsbAudio: writeAudio returned OK
06:26:28.722 serial.send[4]: TX0; | hex: 54 58 30 3B
06:26:28.723 serial.send: write completed OK
06:26:29.526 DECODE: kept=0 ownEcho=1 junk=0 replyToMe=false slot=1
06:26:44.497 DECODE: kept=1 ownEcho=0 junk=0 replyToMe=false slot=0
06:26:44.498 QSO: cycle slot=1 order=2 newOrder=-1 to=JK1JOT noReply=1/0
06:26:44.498 QSO: no-reply 2 (order=2 to=JK1JOT)
06:26:45.923 QSO: TX slot=1 order=2 msg=[JK1JOT K1AF -16]
06:26:45.927 serial.send[4]: TX1; | hex: 54 58 31 3B
06:26:45.931 serial.send: write completed OK
06:26:46.054 playFT8Signal: TX path branch: audioOutputDeviceId=-1 usbAudioOutputVidPid=0D8C:0012 volume=32% autoVolume=false
06:26:46.054 playFT8Signal: using USB audio (direct) output
06:26:46.055 playViaUsbAudio: start, VID=0D8C PID=0012 samples=151680 rate=12000
06:26:46.062 playViaUsbAudio: device opened, output activated at 48000 Hz
06:26:46.065 playViaUsbAudio: calling writeAudio playLength=151680 rate=12000
06:26:46.102 UsbAudioDevice: trying libusb native write fd=136 iface=1 alt=1 ep=0x01 maxPkt=200 bytes=2426880 outputRate=48000 ch=2
06:26:51.061 Pota: spots ok N=13 (filter=FT8)
06:26:58.747 UsbAudioDevice: libusb native write OK
06:26:58.748 playViaUsbAudio: writeAudio returned OK
06:26:58.754 serial.send[4]: TX0; | hex: 54 58 30 3B
06:26:58.755 serial.send: write completed OK
06:26:59.497 DECODE: kept=0 ownEcho=1 junk=0 replyToMe=false slot=1
06:27:14.520 DECODE: kept=3 ownEcho=0 junk=0 replyToMe=false slot=0
06:27:14.521 CQ_DEBUG i3=1 n3=1 to=[CQ NA] from=[JA0FIL] extra=[PM97] modifier=[null] msgText=[CQ NA JA0FIL PM97]
06:27:14.522 QSO: cycle slot=1 order=2 newOrder=-1 to=JK1JOT noReply=2/0
06:27:14.522 QSO: no-reply 3 (order=2 to=JK1JOT)
06:27:14.523 QSO: cycle(deep) slot=1 order=2 newOrder=-1 to=JK1JOT noReply=3/0
06:27:14.523 PskReporterSender: enqueued 1 spots (queue=2)
06:27:15.922 QSO: TX slot=1 order=2 msg=[JK1JOT K1AF -16]
06:27:15.925 serial.send[4]: TX1; | hex: 54 58 31 3B
06:27:15.929 serial.send: write completed OK
06:27:16.077 playFT8Signal: TX path branch: audioOutputDeviceId=-1 usbAudioOutputVidPid=0D8C:0012 volume=32% autoVolume=false
06:27:16.078 playFT8Signal: using USB audio (direct) output
06:27:16.079 playViaUsbAudio: start, VID=0D8C PID=0012 samples=151680 rate=12000
06:27:16.085 playViaUsbAudio: device opened, output activated at 48000 Hz
06:27:16.086 playViaUsbAudio: calling writeAudio playLength=151680 rate=12000
06:27:16.100 UsbAudioDevice: trying libusb native write fd=161 iface=1 alt=1 ep=0x01 maxPkt=200 bytes=2426880 outputRate=48000 ch=2
06:27:28.746 UsbAudioDevice: libusb native write OK
06:27:28.750 playViaUsbAudio: writeAudio returned OK
06:27:28.755 serial.send[4]: TX0; | hex: 54 58 30 3B
06:27:28.757 serial.send: write completed OK
06:27:29.538 DECODE: kept=0 ownEcho=1 junk=0 replyToMe=false slot=1
06:27:44.572 DECODE: kept=2 ownEcho=0 junk=0 replyToMe=false slot=0
06:27:44.573 QSO: cycle slot=1 order=2 newOrder=-1 to=JK1JOT noReply=3/0
06:27:44.574 QSO: no-reply 4 (order=2 to=JK1JOT)
06:27:44.815 QSO: cycle(deep) slot=1 order=2 newOrder=-1 to=JK1JOT noReply=4/0
06:27:45.919 QSO: TX slot=1 order=2 msg=[JK1JOT K1AF -16]
06:27:45.921 serial.send[4]: TX1; | hex: 54 58 31 3B
06:27:45.923 serial.send: write completed OK
06:27:46.034 playFT8Signal: TX path branch: audioOutputDeviceId=-1 usbAudioOutputVidPid=0D8C:0012 volume=32% autoVolume=false
06:27:46.034 playFT8Signal: using USB audio (direct) output
06:27:46.035 playViaUsbAudio: start, VID=0D8C PID=0012 samples=151680 rate=12000
06:27:46.043 playViaUsbAudio: device opened, output activated at 48000 Hz
06:27:46.045 playViaUsbAudio: calling writeAudio playLength=151680 rate=12000
06:27:46.090 UsbAudioDevice: trying libusb native write fd=175 iface=1 alt=1 ep=0x01 maxPkt=200 bytes=2426880 outputRate=48000 ch=2
06:27:51.333 Pota: spots ok N=14 (filter=FT8)
06:27:58.734 UsbAudioDevice: libusb native write OK
06:27:58.738 playViaUsbAudio: writeAudio returned OK
06:27:58.745 serial.send[4]: TX0; | hex: 54 58 30 3B
06:27:58.747 serial.send: write completed OK
06:27:59.520 DECODE: kept=0 ownEcho=1 junk=0 replyToMe=false slot=1
06:28:14.566 DECODE: kept=2 ownEcho=0 junk=0 replyToMe=true slot=0
06:28:14.567 QSO: cycle slot=1 order=2 newOrder=-1 to=JK1JOT noReply=4/0
06:28:14.568 QSO: enqueue caller JH4HMG (queue size 2)
06:28:14.568 QSO: no-reply 5 (order=2 to=JK1JOT)
06:28:14.569 PskReporterSender: enqueued 1 spots (queue=3)
06:28:15.089 CQ_DEBUG i3=4 n3=7 to=[CQ] from=[<...>] extra=[] modifier=[null] msgText=[CQ <...>]
06:28:15.090 QSO: cycle(deep) slot=1 order=2 newOrder=-1 to=JK1JOT noReply=5/0
06:28:15.912 QSO: TX slot=1 order=2 msg=[JK1JOT K1AF -16]
06:28:15.914 serial.send[4]: TX1; | hex: 54 58 31 3B
06:28:15.916 serial.send: write completed OK
06:28:16.034 playFT8Signal: TX path branch: audioOutputDeviceId=-1 usbAudioOutputVidPid=0D8C:0012 volume=32% autoVolume=false
06:28:16.034 playFT8Signal: using USB audio (direct) output
06:28:16.035 playViaUsbAudio: start, VID=0D8C PID=0012 samples=151680 rate=12000
06:28:16.042 playViaUsbAudio: device opened, output activated at 48000 Hz
06:28:16.044 playViaUsbAudio: calling writeAudio playLength=151680 rate=12000
06:28:16.069 UsbAudioDevice: trying libusb native write fd=162 iface=1 alt=1 ep=0x01 maxPkt=200 bytes=2426880 outputRate=48000 ch=2
06:28:28.720 UsbAudioDevice: libusb native write OK
06:28:28.727 playViaUsbAudio: writeAudio returned OK
06:28:28.736 serial.send[4]: TX0; | hex: 54 58 30 3B
06:28:28.740 serial.send: write completed OK
06:28:29.501 DECODE: kept=0 ownEcho=1 junk=0 replyToMe=false slot=1
06:28:44.609 DECODE: kept=3 ownEcho=0 junk=0 replyToMe=true slot=0
06:28:44.610 QSO: cycle slot=1 order=2 newOrder=-1 to=JK1JOT noReply=5/0
06:28:44.611 QSO: no-reply 6 (order=2 to=JK1JOT)
06:28:44.612 PskReporterSender: enqueued 1 spots (queue=4)
06:28:45.910 QSO: TX slot=1 order=2 msg=[JK1JOT K1AF -16]
06:28:45.913 serial.send[4]: TX1; | hex: 54 58 31 3B
06:28:45.915 serial.send: write completed OK
06:28:46.030 playFT8Signal: TX path branch: audioOutputDeviceId=-1 usbAudioOutputVidPid=0D8C:0012 volume=32% autoVolume=false
06:28:46.031 playFT8Signal: using USB audio (direct) output
06:28:46.031 playViaUsbAudio: start, VID=0D8C PID=0012 samples=151680 rate=12000
06:28:46.038 playViaUsbAudio: device opened, output activated at 48000 Hz
06:28:46.045 playViaUsbAudio: calling writeAudio playLength=151680 rate=12000
06:28:46.072 UsbAudioDevice: trying libusb native write fd=136 iface=1 alt=1 ep=0x01 maxPkt=200 bytes=2426880 outputRate=48000 ch=2
06:28:51.550 Pota: spots ok N=15 (filter=FT8)
06:28:58.715 UsbAudioDevice: libusb native write OK
06:28:58.716 playViaUsbAudio: writeAudio returned OK
06:28:58.718 serial.send[4]: TX0; | hex: 54 58 30 3B
06:28:58.719 serial.send: write completed OK
06:28:59.540 DECODE: kept=0 ownEcho=1 junk=0 replyToMe=false slot=1
06:29:14.563 DECODE: kept=4 ownEcho=0 junk=0 replyToMe=true slot=0
06:29:14.567 QSO: cycle slot=1 order=2 newOrder=-1 to=JK1JOT noReply=0/0
06:29:14.567 QSO: enqueue caller JH4HMG (queue size 1)
06:29:14.568 QSO: no-reply 1 (order=2 to=JK1JOT)
06:29:29.567 DECODE: kept=2 ownEcho=0 junk=0 replyToMe=false slot=1
06:29:29.568 CQ_DEBUG i3=1 n3=1 to=[CQ] from=[XE1YD] extra=[EK09] modifier=[null] msgText=[CQ XE1YD EK09]
06:29:29.568 QSO: skip cycle, newest decode in own slot 1
06:29:29.569 PskReporterSender: enqueued 2 spots (queue=6)
06:29:44.531 DECODE: kept=1 ownEcho=0 junk=0 replyToMe=false slot=0
06:29:44.536 QSO: cycle slot=1 order=2 newOrder=-1 to=JK1JOT noReply=1/0
06:29:44.538 QSO: no-reply 2 (order=2 to=JK1JOT)
06:29:44.539 PskReporterSender: enqueued 1 spots (queue=7)
06:29:45.105 QSO: cycle(deep) slot=1 order=2 newOrder=-1 to=JK1JOT noReply=2/0
06:29:45.107 PskReporterSender: enqueued 1 spots (queue=8)
06:29:51.635 Pota: spots ok N=16 (filter=FT8)
06:30:03.777 UsbAudioDevice: libusb capture stopped, code=2004 (resubmit failed: rc=-4 NO_DEVICE)
06:30:03.783 startUsbCapture: capture STOPPED (sawData=true aliveMs=992691 failure=false consecFailures=0)
06:30:03.803 openUsbAudioInput: found device 0D8C:0012 name=USB Audio Device
06:30:03.811 openUsbAudioInput: UsbAudioDevice.open() FAILED (descriptor parse or claimInterface failed)
06:30:03.816 MicRecorder: reinit AudioRecord(VOICE_RECOGNITION)
06:30:03.907 usbDetach: vid=10c4 pid=ea70
06:30:04.328 openUsbAudioInput: device not found by VID:PID 0D8C:0012
06:30:04.329 MicRecorder: reinit AudioRecord(VOICE_RECOGNITION)
06:30:04.418 usbDetach: vid=d8c pid=12
06:30:04.524 openUsbAudioInput: device not found by VID:PID 0D8C:0012
06:30:04.524 MicRecorder: reinit AudioRecord(VOICE_RECOGNITION)
07:44:53.651 MicRecorder: init audioInputDeviceId=0 usbVidPid=0000:0000
07:44:53.674 MicRecorder: AudioRecord(VOICE_RECOGNITION) using system default mic
07:44:53.694 PskReporterSender: start
07:44:53.711 QsoAutoSync: skip (app-start): enabled=false
07:44:53.713 === APP START ===
07:44:53.713 QsoAutoSync: skip (network-available): enabled=false
07:44:53.714 UsbAudioNative: ft8af_usb (libusb 1.0.27.11882)
07:44:54.001 configLoaded: instructionSet=19, baudRate=38400, controlMode=1, connectMode=0
07:44:54.038 initData: scanning USB devices
07:44:54.041 autoConnect: no serial ports detected
07:44:54.041 initData: found 0 serial port(s)
07:44:54.102 openUsbAudioInput: device not found by VID:PID 0D8C:0012
07:44:54.102 MicRecorder: reinit AudioRecord(VOICE_RECOGNITION)
07:44:54.149 autoConnectBT: decision=NOT_BT_MODE addr=<none> connectMode=0
07:44:55.649 Pota: polling started (subscribers=1)
07:44:57.150 initData delayed: rigConnected=false
07:44:57.152 initData delayed: found 0 serial port(s)
07:44:57.232 openUsbAudioInput: device not found by VID:PID 0D8C:0012
07:44:57.233 MicRecorder: reinit AudioRecord(VOICE_RECOGNITION)
07:44:57.267 autoConnect: no serial ports detected
07:44:58.907 Pota: spots ok N=19 (filter=FT8)
07:45:59.221 Pota: spots ok N=18 (filter=FT8)
07:46:16.475 QSO: cycle(deep) slot=0 order=6 newOrder=-1 to=null noReply=0/0
07:46:16.476 PskReporterSender: enqueued 1 spots (queue=1)
07:46:59.354 Pota: spots ok N=19 (filter=FT8)
07:47:59.665 Pota: spots ok N=19 (filter=FT8)
07:48:59.887 Pota: spots ok N=20 (filter=FT8)
07:49:25.938 PskReporterSender: sent 1 packet(s) with 1 spots
07:49:59.994 Pota: spots ok N=21 (filter=FT8)
07:51:00.341 Pota: spots ok N=21 (filter=FT8)
07:52:00.649 Pota: spots ok N=21 (filter=FT8)
07:53:01.061 Pota: spots ok N=20 (filter=FT8)
07:54:01.267 Pota: spots ok N=20 (filter=FT8)
07:55:01.626 Pota: spots ok N=21 (filter=FT8)
07:56:01.955 Pota: spots ok N=21 (filter=FT8)
07:57:02.296 Pota: spots ok N=22 (filter=FT8)
07:58:02.682 Pota: spots ok N=22 (filter=FT8)
07:59:03.047 Pota: spots ok N=23 (filter=FT8)
08:00:03.374 Pota: spots ok N=23 (filter=FT8)
08:01:03.612 Pota: spots ok N=23 (filter=FT8)
08:02:03.954 Pota: spots ok N=22 (filter=FT8)
08:03:04.298 Pota: spots ok N=23 (filter=FT8)
08:04:04.526 Pota: spots ok N=23 (filter=FT8)
08:04:45.046 QSO: cycle(deep) slot=0 order=6 newOrder=-1 to=null noReply=0/0
08:04:45.064 PskReporterSender: enqueued 1 spots (queue=1)
08:05:04.736 Pota: spots ok N=22 (filter=FT8)
08:06:04.976 Pota: spots ok N=22 (filter=FT8)
08:07:05.106 Pota: spots ok N=22 (filter=FT8)
08:08:05.430 Pota: spots ok N=21 (filter=FT8)
08:08:30.273 RxForegroundService: notification Exit tapped
09:26:10.315 MicRecorder: init audioInputDeviceId=0 usbVidPid=0000:0000
09:26:10.383 MicRecorder: AudioRecord(VOICE_RECOGNITION) using system default mic
09:26:10.413 PskReporterSender: start
09:26:10.514 QsoAutoSync: skip (app-start): enabled=false
09:26:10.519 QsoAutoSync: skip (network-available): enabled=false
09:26:10.535 === APP START ===
09:26:10.541 UsbAudioNative: ft8af_usb (libusb 1.0.27.11882)
09:26:10.594 onNewIntent: USB_DEVICE_ATTACHED
09:26:10.598 onNewIntent: immediate scan found 0 port(s)
09:26:10.602 onNewIntent: USB_DEVICE_ATTACHED
09:26:10.605 onNewIntent: immediate scan found 0 port(s)
09:26:10.721 autoConnect: config not loaded yet, skipping
09:26:12.603 onNewIntent delayed: rigConnected=false
09:26:12.607 onNewIntent delayed: re-scan found 2 port(s)
09:26:12.643 MicRecorder: reinit AudioRecord(VOICE_RECOGNITION)
09:26:12.693 onNewIntent delayed: rigConnected=false
09:26:12.695 onNewIntent delayed: re-scan found 2 port(s)
09:26:12.722 MicRecorder: reinit AudioRecord(VOICE_RECOGNITION)
09:26:12.777 Pota: polling started (subscribers=1)
09:26:12.813 configLoaded: instructionSet=19, baudRate=38400, controlMode=1, connectMode=0
09:26:12.961 initData: scanning USB devices
09:26:12.987 initData: found 2 serial port(s)
09:26:13.028 openUsbAudioInput: found device 0D8C:0012 name=USB Audio Device
09:26:13.045 UsbAudioDevice: UAC alt-setting select — iface 2 alt 1 rate 48000 ch 1 (preferred 48000, was alt 1)
09:26:13.058 openUsbAudioInput: SUCCESS at 48000 Hz
09:26:13.059 UsbAudioDevice: trying libusb native capture fd=126 iface=2 alt=1 ep=0x82 maxPkt=100 inputRate=48000 ch=1 targetRate=12000
09:26:13.064 UsbAudioDevice: libusb capture started OK
09:26:13.066 autoConnectBT: decision=NOT_BT_MODE addr=<none> connectMode=0
09:26:13.074 startUsbCapture: first audio data received, USB stream is live
09:26:13.354 Pota: spots ok N=24 (filter=FT8)
09:26:16.067 initData delayed: rigConnected=false
09:26:16.068 initData delayed: found 2 serial port(s)
09:26:16.070 UsbAudioDevice: libusb capture stopped, code=0 (clean stop (nativeStop))
09:26:16.071 startUsbCapture: capture STOPPED (sawData=true aliveMs=3012 failure=true consecFailures=1)
09:26:16.071 startUsbCapture: backing off 2000ms before USB reinit (consecFailures=1)
09:26:18.072 startUsbCapture: not re-arming USB capture (isRunning=false)
09:26:18.083 openUsbAudioInput: found device 0D8C:0012 name=USB Audio Device
09:26:18.087 UsbAudioDevice: UAC alt-setting select — iface 2 alt 1 rate 48000 ch 1 (preferred 48000, was alt 1)
09:26:18.094 openUsbAudioInput: SUCCESS at 48000 Hz
09:26:18.094 UsbAudioDevice: trying libusb native capture fd=106 iface=2 alt=1 ep=0x82 maxPkt=100 inputRate=48000 ch=1 targetRate=12000
09:26:18.097 UsbAudioDevice: libusb capture started OK
09:26:18.098 autoConnect: connecting to port 0 of 2 (instructionSet=19, baudRate=38400, controlMode=1)
09:26:18.105 startUsbCapture: first audio data received, USB stream is live
09:26:19.110 setOperationBand: sending USB mode, then freq=10136000 in 800ms (controlMode=1)
09:26:19.112 serial.send[5]: MD0C; | hex: 4D 44 30 43 3B
09:26:19.113 serial.send: write completed OK
09:26:19.114 serial.send[12]: NA00;SH0117; | hex: 4E 41 30 30 3B 53 48 30 31 31 37 3B
09:26:19.114 serial.send: write completed OK
09:26:19.115 setUsbModeToRig: mode=DATA-USB, sent NA00;SH0117 (3000Hz)
09:26:19.610 setOperationBand: sending USB mode, then freq=10136000 in 800ms (controlMode=1)
09:26:19.611 serial.send[5]: MD0C; | hex: 4D 44 30 43 3B
09:26:19.611 serial.send: write completed OK
09:26:19.611 serial.send[12]: NA00;SH0117; | hex: 4E 41 30 30 3B 53 48 30 31 31 37 3B
09:26:19.612 serial.send: write completed OK
09:26:19.612 setUsbModeToRig: mode=DATA-USB, sent NA00;SH0117 (3000Hz)
09:26:19.919 setOperationBand: setting freq=10136000 (rig.getFreq=0)
09:26:19.920 serial.send[12]: FA010136000; | hex: 46 41 30 31 30 31 33 36 30 30 30 3B
09:26:19.920 serial.send: write completed OK
09:26:20.414 setOperationBand: setting freq=10136000 (rig.getFreq=10136000)
09:26:20.415 serial.send[12]: FA010136000; | hex: 46 41 30 31 30 31 33 36 30 30 30 3B
09:26:20.416 serial.send: write completed OK
09:26:25.360 Pota: polling stopped
09:26:25.361 Pota: polling started (subscribers=1)
09:26:25.536 Pota: spots ok N=24 (filter=FT8)
09:26:31.662 DECODE: kept=2 ownEcho=0 junk=0 replyToMe=false slot=1
09:26:31.662 CQ_DEBUG i3=1 n3=6 to=[CQ] from=[KB7MM] extra=[CN82] modifier=[null] msgText=[CQ KB7MM CN82]
09:26:31.663 QSO: cycle slot=0 order=6 newOrder=-1 to=null noReply=0/0
09:26:31.664 PskReporterSender: enqueued 2 spots (queue=2)
09:26:31.824 QSO: cycle(deep) slot=0 order=6 newOrder=-1 to=null noReply=0/0
09:26:31.825 PskReporterSender: enqueued 1 spots (queue=3)
09:26:32.386 Pota: locations ok N=3769
09:26:32.719 Pota: parks for RU-VL ok N=1
09:26:32.834 Pota: parks for RU-TL ok N=3
09:26:33.015 Pota: parks for RO-OT ok N=20
09:26:33.262 Pota: parks for US-AR ok N=299
09:26:33.300 QSO: cycle(deep) slot=0 order=6 newOrder=-1 to=null noReply=0/0
09:26:33.300 PskReporterSender: enqueued 1 spots (queue=4)
09:26:33.913 Pota: parks for US-KS ok N=145
09:26:33.964 Pota: parks for US-OK ok N=205
09:26:35.193 Pota: parks for RU-AM ok N=0
09:26:35.212 Pota: parks for US-IA ok N=181
09:26:35.215 Pota: parks for ZA-FS ok N=2
09:26:35.250 Pota: parks for US-NE ok N=187
09:26:35.257 Pota: parks for MK-CE ok N=6
09:26:35.686 Pota: parks for US-MO ok N=561
09:26:44.777 DECODE: kept=1 ownEcho=0 junk=0 replyToMe=false slot=0
09:26:44.778 QSO: skip cycle, newest decode in own slot 0
09:26:44.778 PskReporterSender: enqueued 1 spots (queue=5)
09:26:59.753 DECODE: kept=3 ownEcho=0 junk=0 replyToMe=false slot=1
09:26:59.754 CQ_DEBUG i3=1 n3=5 to=[CQ] from=[KB0STL] extra=[DN97] modifier=[null] msgText=[CQ KB0STL DN97]
09:26:59.754 CQ_DEBUG i3=1 n3=6 to=[CQ] from=[KB7MM] extra=[CN82] modifier=[null] msgText=[CQ KB7MM CN82]
09:26:59.755 QSO: cycle slot=0 order=6 newOrder=-1 to=null noReply=0/0
09:26:59.755 PskReporterSender: enqueued 1 spots (queue=6)
09:27:14.911 QSO: cycle(deep) slot=0 order=6 newOrder=-1 to=null noReply=0/0
09:27:25.646 Pota: spots ok N=24 (filter=FT8)
09:27:29.747 DECODE: kept=1 ownEcho=0 junk=0 replyToMe=false slot=1
09:27:29.747 QSO: cycle slot=0 order=6 newOrder=-1 to=null noReply=0/0
09:27:29.897 CQ_DEBUG i3=1 n3=6 to=[CQ] from=[KB7MM] extra=[CN82] modifier=[null] msgText=[CQ KB7MM CN82]
09:27:29.898 QSO: cycle(deep) slot=0 order=6 newOrder=-1 to=null noReply=0/0
09:27:59.760 DECODE: kept=3 ownEcho=0 junk=0 replyToMe=false slot=1
09:27:59.761 QSO: cycle slot=0 order=6 newOrder=-1 to=null noReply=0/0
09:27:59.762 PskReporterSender: enqueued 1 spots (queue=7)
09:27:59.906 CQ_DEBUG i3=1 n3=6 to=[CQ] from=[KB7MM] extra=[CN82] modifier=[null] msgText=[CQ KB7MM CN82]
09:27:59.906 QSO: cycle(deep) slot=0 order=6 newOrder=-1 to=null noReply=0/0
09:28:14.751 DECODE: kept=1 ownEcho=0 junk=0 replyToMe=false slot=0
09:28:14.751 QSO: skip cycle, newest decode in own slot 0
09:28:14.752 PskReporterSender: enqueued 1 spots (queue=8)
09:28:25.879 Pota: spots ok N=22 (filter=FT8)
09:28:29.809 DECODE: kept=1 ownEcho=0 junk=0 replyToMe=false slot=1
09:28:29.810 QSO: cycle slot=0 order=6 newOrder=-1 to=null noReply=0/0
09:28:30.284 QSO: cycle(deep) slot=0 order=6 newOrder=-1 to=null noReply=0/0
09:28:59.860 DECODE: kept=1 ownEcho=0 junk=0 replyToMe=false slot=1
09:28:59.861 QSO: cycle slot=0 order=6 newOrder=-1 to=null noReply=0/0
09:29:00.419 QSO: cycle(deep) slot=0 order=6 newOrder=-1 to=null noReply=0/0
09:29:26.137 Pota: spots ok N=23 (filter=FT8)
09:29:29.875 DECODE: kept=1 ownEcho=0 junk=0 replyToMe=false slot=1
09:29:29.877 QSO: cycle slot=0 order=6 newOrder=-1 to=null noReply=0/0
09:29:30.457 QSO: cycle(deep) slot=0 order=6 newOrder=-1 to=null noReply=0/0
09:29:44.881 DECODE: kept=1 ownEcho=0 junk=0 replyToMe=false slot=0
09:29:44.883 QSO: skip cycle, newest decode in own slot 0
09:30:00.913 QSO: cycle(deep) slot=0 order=6 newOrder=-1 to=null noReply=0/0
09:30:26.214 Pota: spots ok N=23 (filter=FT8)
09:30:30.855 QSO: cycle(deep) slot=0 order=6 newOrder=-1 to=null noReply=0/0
09:30:44.868 DECODE: kept=2 ownEcho=0 junk=0 replyToMe=false slot=0
09:30:44.870 CQ_DEBUG i3=4 n3=1 to=[CQ] from=[K6VHF/HR9] extra=[] modifier=[null] msgText=[CQ K6VHF/HR9]
09:30:44.871 QSO: skip cycle, newest decode in own slot 0
09:30:44.872 PskReporterSender: enqueued 1 spots (queue=9)
09:31:02.976 QSO: cycle(deep) slot=0 order=6 newOrder=-1 to=null noReply=0/0
09:31:02.977 PskReporterSender: enqueued 1 spots (queue=10)
09:31:15.028 DECODE: kept=1 ownEcho=0 junk=0 replyToMe=false slot=0
09:31:15.030 CQ_DEBUG i3=4 n3=1 to=[CQ] from=[K6VHF/HR9] extra=[] modifier=[null] msgText=[CQ K6VHF/HR9]
09:31:15.032 QSO: skip cycle, newest decode in own slot 0
09:31:26.444 Pota: spots ok N=23 (filter=FT8)
09:31:35.642 PskReporterSender: sent 1 packet(s) with 10 spots
09:32:00.803 QSO: cycle(deep) slot=0 order=6 newOrder=-1 to=null noReply=0/0
09:32:00.806 PskReporterSender: enqueued 1 spots (queue=1)
09:32:26.673 Pota: spots ok N=23 (filter=FT8)
09:32:45.084 DECODE: kept=1 ownEcho=0 junk=0 replyToMe=false slot=0
09:32:45.088 QSO: skip cycle, newest decode in own slot 0
09:32:45.090 PskReporterSender: enqueued 1 spots (queue=2)
09:33:14.900 DECODE: kept=1 ownEcho=0 junk=0 replyToMe=false slot=0
09:33:14.901 CQ_DEBUG i3=1 n3=1 to=[CQ] from=[N6RAM] extra=[EL29] modifier=[null] msgText=[CQ N6RAM EL29]
09:33:14.902 QSO: skip cycle, newest decode in own slot 0
09:33:16.122 QSO: cycle(deep) slot=0 order=6 newOrder=-1 to=null noReply=0/0
09:33:16.123 PskReporterSender: enqueued 1 spots (queue=3)
09:33:26.766 Pota: spots ok N=23 (filter=FT8)
09:33:44.911 DECODE: kept=1 ownEcho=0 junk=0 replyToMe=false slot=0
09:33:44.913 CQ_DEBUG i3=1 n3=1 to=[CQ] from=[N6RAM] extra=[EL29] modifier=[null] msgText=[CQ N6RAM EL29]
09:33:44.914 QSO: skip cycle, newest decode in own slot 0
09:33:47.568 QSO: cycle(deep) slot=0 order=6 newOrder=-1 to=null noReply=0/0
09:33:47.571 PskReporterSender: enqueued 1 spots (queue=4)
09:34:14.971 DECODE: kept=1 ownEcho=0 junk=0 replyToMe=false slot=0
09:34:14.973 CQ_DEBUG i3=1 n3=1 to=[CQ] from=[N6RAM] extra=[EL29] modifier=[null] msgText=[CQ N6RAM EL29]
09:34:14.974 QSO: skip cycle, newest decode in own slot 0
09:34:23.200 Pota: start refs=US-12398 id=1 priorModifier=''
09:34:26.056 Pota: polling stopped
09:34:32.404 QSO: setTransmit to=CQ order=6 slot=1
09:34:32.405 bandSelect: index=20, band=14074000, controlMode=1, rigConnected=true
09:34:32.406 setOperationBand: sending USB mode, then freq=14074000 in 800ms (controlMode=1)
09:34:32.407 serial.send[5]: MD0C; | hex: 4D 44 30 43 3B
09:34:32.408 serial.send: write completed OK
09:34:32.408 serial.send[12]: NA00;SH0117; | hex: 4E 41 30 30 3B 53 48 30 31 31 37 3B
09:34:32.410 serial.send: write completed OK
09:34:32.410 setUsbModeToRig: mode=DATA-USB, sent NA00;SH0117 (3000Hz)
09:34:33.218 setOperationBand: setting freq=14074000 (rig.getFreq=10136000)
09:34:33.220 serial.send[12]: FA014074000; | hex: 46 41 30 31 34 30 37 34 30 30 30 3B
09:34:33.222 serial.send: write completed OK
09:34:59.987 DECODE: kept=23 ownEcho=0 junk=0 replyToMe=false slot=1
09:34:59.989 CQ_DEBUG i3=1 n3=1 to=[CQ] from=[AA7VG] extra=[DN45] modifier=[null] msgText=[CQ AA7VG DN45]
09:34:59.990 CQ_DEBUG i3=1 n3=2 to=[CQ] from=[KO6IHJ] extra=[CM98] modifier=[null] msgText=[CQ KO6IHJ CM98]
09:34:59.991 CQ_DEBUG i3=1 n3=2 to=[CQ] from=[NA3CT] extra=[DM26] modifier=[null] msgText=[CQ NA3CT DM26]
09:34:59.992 CQ_DEBUG i3=1 n3=0 to=[CQ] from=[KB4HL] extra=[EM64] modifier=[null] msgText=[CQ KB4HL EM64]
09:34:59.993 CQ_DEBUG i3=1 n3=5 to=[CQ] from=[VE6KIX] extra=[DO21] modifier=[null] msgText=[CQ VE6KIX DO21]
09:34:59.994 CQ_DEBUG i3=1 n3=5 to=[CQ] from=[KE8ZKN] extra=[EN73] modifier=[null] msgText=[CQ KE8ZKN EN73]
09:34:59.995 QSO: cycle slot=0 order=6 newOrder=-1 to=CQ noReply=0/0
09:34:59.999 PskReporterSender: enqueued 23 spots (queue=27)
09:35:00.524 QSO: cycle(deep) slot=0 order=6 newOrder=-1 to=CQ noReply=0/0
09:35:00.527 PskReporterSender: enqueued 3 spots (queue=30)
09:35:01.203 QSO: TX slot=0 order=6 msg=[CQ POTA K1AF EM28]
09:35:01.212 serial.send[4]: TX1; | hex: 54 58 31 3B
09:35:01.214 serial.send: write completed OK
09:35:01.360 playFT8Signal: TX path branch: audioOutputDeviceId=-1 usbAudioOutputVidPid=0D8C:0012 volume=95% autoVolume=false
09:35:01.361 playFT8Signal: using USB audio (direct) output
09:35:01.363 playViaUsbAudio: start, VID=0D8C PID=0012 samples=151680 rate=12000
09:35:01.385 playViaUsbAudio: device opened, output activated at 48000 Hz
09:35:01.389 playViaUsbAudio: calling writeAudio playLength=151680 rate=12000
09:35:01.472 UsbAudioDevice: trying libusb native write fd=145 iface=1 alt=1 ep=0x01 maxPkt=200 bytes=2426880 outputRate=48000 ch=2
09:35:02.592 CQ_DEBUG i3=1 n3=3 to=[CQ] from=[KF9UG] extra=[EN71] modifier=[null] msgText=[CQ KF9UG EN71]
09:35:02.593 CQ_DEBUG i3=1 n3=7 to=[CQ] from=[VE2OPR] extra=[FN35] modifier=[null] msgText=[CQ VE2OPR FN35]
09:35:02.594 CQ_DEBUG i3=1 n3=2 to=[CQ] from=[N4NJJ] extra=[DM26] modifier=[null] msgText=[CQ N4NJJ DM26]
09:35:02.595 CQ_DEBUG i3=1 n3=3 to=[CQ] from=[YH8MA] extra=[OI99] modifier=[null] msgText=[CQ YH8MA OI99]
09:35:02.595 CQ_DEBUG i3=1 n3=4 to=[CQ] from=[WW3QB] extra=[FM28] modifier=[null] msgText=[CQ WW3QB FM28]
09:35:02.599 PskReporterSender: enqueued 13 spots (queue=43)
09:35:04.187 PskReporterSender: enqueued 1 spots (queue=44)
09:35:14.123 UsbAudioDevice: libusb native write OK
09:35:14.125 playViaUsbAudio: writeAudio returned OK
09:35:14.131 serial.send[4]: TX0; | hex: 54 58 30 3B
09:35:14.133 serial.send: write completed OK
09:35:14.829 DECODE: kept=0 ownEcho=1 junk=0 replyToMe=false slot=0
09:35:29.936 DECODE: kept=22 ownEcho=0 junk=0 replyToMe=true slot=1
09:35:29.938 CQ_DEBUG i3=1 n3=1 to=[CQ] from=[AA7VG] extra=[DN45] modifier=[null] msgText=[CQ AA7VG DN45]
09:35:29.939 CQ_DEBUG i3=1 n3=5 to=[CQ] from=[NG2O] extra=[FM29] modifier=[null] msgText=[CQ NG2O FM29]
09:35:29.939 CQ_DEBUG i3=1 n3=0 to=[CQ] from=[KB4HL] extra=[EM64] modifier=[null] msgText=[CQ KB4HL EM64]
09:35:29.940 CQ_DEBUG i3=1 n3=5 to=[CQ] from=[VE6KIX] extra=[DO21] modifier=[null] msgText=[CQ VE6KIX DO21]
09:35:29.941 CQ_DEBUG i3=1 n3=2 to=[CQ] from=[KO6IHJ] extra=[CM98] modifier=[null] msgText=[CQ KO6IHJ CM98]
09:35:29.942 CQ_DEBUG i3=1 n3=5 to=[CQ] from=[KE8ZKN] extra=[EN73] modifier=[null] msgText=[CQ KE8ZKN EN73]
09:35:29.942 CQ_DEBUG i3=1 n3=2 to=[CQ] from=[NA3CT] extra=[DM26] modifier=[null] msgText=[CQ NA3CT DM26]
09:35:29.943 QSO: cycle slot=0 order=6 newOrder=-1 to=CQ noReply=0/0
09:35:29.945 QSO: setTransmit to=KA3IRT order=2 slot=0
09:35:29.946 QSO: cycle(deep) slot=0 order=2 newOrder=-1 to=KA3IRT noReply=0/0
09:35:29.950 PskReporterSender: enqueued 3 spots (queue=47)
09:35:30.490 CQ_DEBUG i3=1 n3=3 to=[CQ] from=[YH8MA] extra=[OI99] modifier=[null] msgText=[CQ YH8MA OI99]
09:35:30.492 QSO: cycle(deep) slot=0 order=2 newOrder=-1 to=KA3IRT noReply=0/0
09:35:31.210 QSO: TX slot=0 order=2 msg=[KA3IRT K1AF -9]
09:35:31.214 serial.send[4]: TX1; | hex: 54 58 31 3B
09:35:31.221 serial.send: write completed OK
09:35:31.344 playFT8Signal: TX path branch: audioOutputDeviceId=-1 usbAudioOutputVidPid=0D8C:0012 volume=25% autoVolume=false
09:35:31.350 playFT8Signal: using USB audio (direct) output
09:35:31.352 playViaUsbAudio: start, VID=0D8C PID=0012 samples=151680 rate=12000
09:35:31.369 playViaUsbAudio: device opened, output activated at 48000 Hz
09:35:31.371 playViaUsbAudio: calling writeAudio playLength=151680 rate=12000
09:35:31.423 UsbAudioDevice: trying libusb native write fd=155 iface=1 alt=1 ep=0x01 maxPkt=200 bytes=2426880 outputRate=48000 ch=2
09:35:32.426 CQ_DEBUG i3=1 n3=7 to=[CQ] from=[VE2OPR] extra=[FN35] modifier=[null] msgText=[CQ VE2OPR FN35]
09:35:32.428 CQ_DEBUG i3=1 n3=2 to=[CQ] from=[N4NJJ] extra=[DM26] modifier=[null] msgText=[CQ N4NJJ DM26]
09:35:32.429 CQ_DEBUG i3=1 n3=4 to=[CQ] from=[WW3QB] extra=[FM28] modifier=[null] msgText=[CQ WW3QB FM28]
09:35:32.431 PskReporterSender: enqueued 1 spots (queue=48)
09:35:33.731 PskReporterSender: enqueued 3 spots (queue=51)
09:35:44.068 UsbAudioDevice: libusb native write OK
09:35:44.070 playViaUsbAudio: writeAudio returned OK
09:35:44.076 serial.send[4]: TX0; | hex: 54 58 30 3B
09:35:44.079 serial.send: write completed OK
09:35:44.870 DECODE: kept=0 ownEcho=1 junk=0 replyToMe=false slot=0
09:35:59.931 DECODE: kept=19 ownEcho=0 junk=0 replyToMe=false slot=1
09:35:59.933 CQ_DEBUG i3=1 n3=1 to=[CQ] from=[AA7VG] extra=[DN45] modifier=[null] msgText=[CQ AA7VG DN45]
09:35:59.934 CQ_DEBUG i3=1 n3=5 to=[CQ] from=[VE6KIX] extra=[DO21] modifier=[null] msgText=[CQ VE6KIX DO21]
09:35:59.935 CQ_DEBUG i3=1 n3=7 to=[CQ] from=[VE2OPR] extra=[FN35] modifier=[null] msgText=[CQ VE2OPR FN35]
09:35:59.936 CQ_DEBUG i3=1 n3=5 to=[CQ] from=[NG2O] extra=[FM29] modifier=[null] msgText=[CQ NG2O FM29]
09:35:59.937 CQ_DEBUG i3=1 n3=2 to=[CQ] from=[KO6IHJ] extra=[CM98] modifier=[null] msgText=[CQ KO6IHJ CM98]
09:35:59.938 QSO: cycle slot=0 order=2 newOrder=-1 to=KA3IRT noReply=0/0
09:35:59.939 QSO: no-reply 1 (order=2 to=KA3IRT)
09:35:59.939 QSO: cycle(deep) slot=0 order=2 newOrder=-1 to=KA3IRT noReply=1/0
09:35:59.940 QSO: enqueue caller KZ4KC (queue size 1)
09:35:59.943 PskReporterSender: enqueued 3 spots (queue=54)
09:36:00.410 CQ_DEBUG i3=1 n3=5 to=[CQ] from=[KE8ZKN] extra=[EN73] modifier=[null] msgText=[CQ KE8ZKN EN73]
09:36:00.411 CQ_DEBUG i3=1 n3=3 to=[CQ] from=[YH8MA] extra=[OI99] modifier=[null] msgText=[CQ YH8MA OI99]
09:36:00.412 QSO: cycle(deep) slot=0 order=2 newOrder=-1 to=KA3IRT noReply=1/0
09:36:00.413 PskReporterSender: enqueued 1 spots (queue=55)
09:36:01.208 QSO: TX slot=0 order=2 msg=[KA3IRT K1AF -9]
09:36:01.213 serial.send[4]: TX1; | hex: 54 58 31 3B
09:36:01.215 serial.send: write completed OK
09:36:01.367 playFT8Signal: TX path branch: audioOutputDeviceId=-1 usbAudioOutputVidPid=0D8C:0012 volume=25% autoVolume=false
09:36:01.370 playFT8Signal: using USB audio (direct) output
09:36:01.373 playViaUsbAudio: start, VID=0D8C PID=0012 samples=151680 rate=12000
09:36:01.385 playViaUsbAudio: device opened, output activated at 48000 Hz
09:36:01.386 playViaUsbAudio: calling writeAudio playLength=151680 rate=12000
09:36:01.421 UsbAudioDevice: trying libusb native write fd=148 iface=1 alt=1 ep=0x01 maxPkt=200 bytes=2426880 outputRate=48000 ch=2
09:36:02.127 CQ_DEBUG i3=1 n3=2 to=[CQ] from=[N4NJJ] extra=[DM26] modifier=[null] msgText=[CQ N4NJJ DM26]
09:36:02.129 PskReporterSender: enqueued 2 spots (queue=57)
09:36:14.065 UsbAudioDevice: libusb native write OK
09:36:14.067 playViaUsbAudio: writeAudio returned OK
09:36:14.071 serial.send[4]: TX0; | hex: 54 58 30 3B
09:36:14.072 serial.send: write completed OK
09:36:14.846 DECODE: kept=0 ownEcho=1 junk=0 replyToMe=false slot=0
09:36:29.882 DECODE: kept=22 ownEcho=0 junk=0 replyToMe=true slot=1
09:36:29.884 CQ_DEBUG i3=1 n3=1 to=[CQ] from=[AA7VG] extra=[DN45] modifier=[null] msgText=[CQ AA7VG DN45]
09:36:29.884 CQ_DEBUG i3=1 n3=5 to=[CQ] from=[KE8ZKN] extra=[EN73] modifier=[null] msgText=[CQ KE8ZKN EN73]
09:36:29.885 QSO: cycle slot=0 order=2 newOrder=3 to=KA3IRT noReply=1/0
09:36:29.886 QSO: advance order 2->4 with KA3IRT
09:36:29.887 QSO: cycle(deep) slot=0 order=4 newOrder=-1 to=KA3IRT noReply=0/0
09:36:29.888 QSO: enqueue caller VE6BR (queue size 2)
09:36:29.890 PskReporterSender: enqueued 4 spots (queue=61)
09:36:30.402 CQ_DEBUG i3=1 n3=5 to=[CQ] from=[NG2O] extra=[FM29] modifier=[null] msgText=[CQ NG2O FM29]
09:36:30.403 QSO: cycle(deep) slot=0 order=4 newOrder=-1 to=KA3IRT noReply=0/0
09:36:30.405 PskReporterSender: enqueued 1 spots (queue=62)
09:36:31.217 QSO: TX slot=0 order=4 msg=[KA3IRT K1AF RR73]
09:36:31.224 serial.send[4]: TX1; | hex: 54 58 31 3B
09:36:31.226 serial.send: write completed OK
09:36:31.348 playFT8Signal: TX path branch: audioOutputDeviceId=-1 usbAudioOutputVidPid=0D8C:0012 volume=25% autoVolume=false
09:36:31.349 playFT8Signal: using USB audio (direct) output
09:36:31.349 playViaUsbAudio: start, VID=0D8C PID=0012 samples=151680 rate=12000
09:36:31.355 playViaUsbAudio: device opened, output activated at 48000 Hz
09:36:31.357 playViaUsbAudio: calling writeAudio playLength=151680 rate=12000
09:36:31.386 UsbAudioDevice: trying libusb native write fd=148 iface=1 alt=1 ep=0x01 maxPkt=200 bytes=2426880 outputRate=48000 ch=2
09:36:31.959 CQ_DEBUG i3=1 n3=7 to=[CQ] from=[VE2OPR] extra=[FN35] modifier=[null] msgText=[CQ VE2OPR FN35]
09:36:31.962 PskReporterSender: enqueued 1 spots (queue=63)
09:36:44.034 UsbAudioDevice: libusb native write OK
09:36:44.035 playViaUsbAudio: writeAudio returned OK
09:36:44.049 serial.send[4]: TX0; | hex: 54 58 30 3B
09:36:44.050 serial.send: write completed OK
09:36:44.833 DECODE: kept=0 ownEcho=1 junk=0 replyToMe=false slot=0
09:36:46.186 QSO: setTransmit to=KZ4KC order=2 slot=0
09:36:48.728 Pota: polling started (subscribers=1)
09:36:48.902 Pota: spots ok N=22 (filter=FT8)
09:36:49.895 Pota: polling stopped
09:36:59.884 DECODE: kept=20 ownEcho=0 junk=0 replyToMe=true slot=1
09:36:59.886 CQ_DEBUG i3=1 n3=1 to=[CQ] from=[AA7VG] extra=[DN45] modifier=[null] msgText=[CQ AA7VG DN45]
09:36:59.886 CQ_DEBUG i3=1 n3=6 to=[CQ] from=[N1MSH] extra=[EN82] modifier=[null] msgText=[CQ N1MSH EN82]
09:36:59.887 CQ_DEBUG i3=1 n3=0 to=[CQ] from=[KB4HL] extra=[EM64] modifier=[null] msgText=[CQ KB4HL EM64]
09:36:59.888 CQ_DEBUG i3=1 n3=5 to=[CQ] from=[NG2O] extra=[FM29] modifier=[null] msgText=[CQ NG2O FM29]
09:36:59.889 CQ_DEBUG i3=1 n3=5 to=[CQ] from=[KA1MXL] extra=[FN41] modifier=[null] msgText=[CQ KA1MXL FN41]
09:36:59.890 QSO: cycle slot=0 order=2 newOrder=-1 to=KZ4KC noReply=0/0
09:36:59.891 QSO: no-reply 1 (order=2 to=KZ4KC)
09:36:59.893 QSO: cycle(deep) slot=0 order=2 newOrder=-1 to=KZ4KC noReply=1/0
09:36:59.896 PskReporterSender: enqueued 3 spots (queue=66)
09:37:00.342 CQ_DEBUG i3=1 n3=5 to=[CQ] from=[KE8ZKN] extra=[EN73] modifier=[null] msgText=[CQ KE8ZKN EN73]
09:37:00.344 QSO: cycle(deep) slot=0 order=2 newOrder=-1 to=KZ4KC noReply=1/0
09:37:00.346 PskReporterSender: enqueued 1 spots (queue=1)
09:37:00.421 PskReporterSender: sent 2 packet(s) with 66 spots
09:37:01.216 QSO: TX slot=0 order=2 msg=[KZ4KC K1AF -17]
09:37:01.220 serial.send[4]: TX1; | hex: 54 58 31 3B
09:37:01.223 serial.send: write completed OK
09:37:01.338 playFT8Signal: TX path branch: audioOutputDeviceId=-1 usbAudioOutputVidPid=0D8C:0012 volume=25% autoVolume=false
09:37:01.339 playFT8Signal: using USB audio (direct) output
09:37:01.340 playViaUsbAudio: start, VID=0D8C PID=0012 samples=151680 rate=12000
09:37:01.350 playViaUsbAudio: device opened, output activated at 48000 Hz
09:37:01.354 playViaUsbAudio: calling writeAudio playLength=151680 rate=12000
09:37:01.420 UsbAudioDevice: trying libusb native write fd=146 iface=1 alt=1 ep=0x01 maxPkt=200 bytes=2426880 outputRate=48000 ch=2
09:37:01.982 CQ_DEBUG i3=1 n3=1 to=[CQ POTA] from=[VE3FSN] extra=[] modifier=[null] msgText=[CQ POTA VE3FSN]
09:37:01.983 CQ_DEBUG i3=1 n3=3 to=[CQ] from=[KF9UG] extra=[EN71] modifier=[null] msgText=[CQ KF9UG EN71]
09:37:01.984 CQ_DEBUG i3=1 n3=2 to=[CQ] from=[N4NJJ] extra=[DM26] modifier=[null] msgText=[CQ N4NJJ DM26]
09:37:01.984 CQ_DEBUG i3=1 n3=7 to=[CQ] from=[VE2OPR] extra=[FN35] modifier=[null] msgText=[CQ VE2OPR FN35]
09:37:01.985 CQ_DEBUG i3=1 n3=2 to=[CQ] from=[VK6KC] extra=[OF78] modifier=[null] msgText=[CQ VK6KC OF78]
09:37:01.987 PskReporterSender: enqueued 2 spots (queue=3)
09:37:14.066 UsbAudioDevice: libusb native write OK
09:37:14.070 playViaUsbAudio: writeAudio returned OK
09:37:14.077 serial.send[4]: TX0; | hex: 54 58 30 3B
09:37:14.082 serial.send: write completed OK
09:37:14.836 DECODE: kept=0 ownEcho=1 junk=0 replyToMe=false slot=0
09:37:29.890 DECODE: kept=22 ownEcho=0 junk=0 replyToMe=false slot=1
09:37:29.891 CQ_DEBUG i3=1 n3=1 to=[CQ] from=[AA7VG] extra=[DN45] modifier=[null] msgText=[CQ AA7VG DN45]
09:37:29.892 CQ_DEBUG i3=1 n3=7 to=[CQ] from=[VE2OPR] extra=[FN35] modifier=[null] msgText=[CQ VE2OPR FN35]
09:37:29.892 CQ_DEBUG i3=1 n3=2 to=[CQ] from=[VK6KC] extra=[OF78] modifier=[null] msgText=[CQ VK6KC OF78]
09:37:29.893 CQ_DEBUG i3=1 n3=1 to=[CQ] from=[N2LCX] extra=[FN13] modifier=[null] msgText=[CQ N2LCX FN13]
09:37:29.894 QSO: cycle slot=0 order=2 newOrder=-1 to=KZ4KC noReply=1/0
09:37:29.895 QSO: no-reply 2 (order=2 to=KZ4KC)
09:37:29.895 QSO: cycle(deep) slot=0 order=2 newOrder=-1 to=KZ4KC noReply=2/0
09:37:29.898 PskReporterSender: enqueued 2 spots (queue=5)
09:37:30.311 CQ_DEBUG i3=1 n3=7 to=[CQ] from=[W8JDP] extra=[EM79] modifier=[null] msgText=[CQ W8JDP EM79]
09:37:30.313 CQ_DEBUG i3=1 n3=3 to=[CQ] from=[YH8MA] extra=[OI99] modifier=[null] msgText=[CQ YH8MA OI99]
09:37:30.313 CQ_DEBUG i3=1 n3=3 to=[CQ] from=[KF9UG] extra=[EN71] modifier=[null] msgText=[CQ KF9UG EN71]
09:37:30.314 CQ_DEBUG i3=1 n3=5 to=[CQ] from=[KA1MXL] extra=[FN41] modifier=[null] msgText=[CQ KA1MXL FN41]
09:37:30.315 QSO: cycle(deep) slot=0 order=2 newOrder=-1 to=KZ4KC noReply=2/0
09:37:31.216 QSO: TX slot=0 order=2 msg=[KZ4KC K1AF -17]
09:37:31.218 serial.send[4]: TX1; | hex: 54 58 31 3B
09:37:31.221 serial.send: write completed OK
09:37:31.347 playFT8Signal: TX path branch: audioOutputDeviceId=-1 usbAudioOutputVidPid=0D8C:0012 volume=25% autoVolume=false
09:37:31.350 playFT8Signal: using USB audio (direct) output
09:37:31.351 playViaUsbAudio: start, VID=0D8C PID=0012 samples=151680 rate=12000
09:37:31.360 playViaUsbAudio: device opened, output activated at 48000 Hz
09:37:31.363 playViaUsbAudio: calling writeAudio playLength=151680 rate=12000
09:37:31.431 UsbAudioDevice: trying libusb native write fd=161 iface=1 alt=1 ep=0x01 maxPkt=200 bytes=2426880 outputRate=48000 ch=2
09:37:31.984 CQ_DEBUG i3=1 n3=5 to=[CQ] from=[KE8ZKN] extra=[EN73] modifier=[null] msgText=[CQ KE8ZKN EN73]
09:37:31.985 CQ_DEBUG i3=1 n3=2 to=[CQ] from=[N4NJJ] extra=[DM26] modifier=[null] msgText=[CQ N4NJJ DM26]
09:37:31.986 CQ_DEBUG i3=1 n3=1 to=[CQ POTA] from=[VE3FSN] extra=[] modifier=[null] msgText=[CQ POTA VE3FSN]
09:37:31.987 PskReporterSender: enqueued 1 spots (queue=6)
09:37:44.075 UsbAudioDevice: libusb native write OK
09:37:44.077 playViaUsbAudio: writeAudio returned OK
09:37:44.083 serial.send[4]: TX0; | hex: 54 58 30 3B
09:37:44.085 serial.send: write completed OK
09:37:44.845 DECODE: kept=0 ownEcho=1 junk=0 replyToMe=false slot=0
09:37:59.943 DECODE: kept=21 ownEcho=0 junk=0 replyToMe=false slot=1
09:37:59.945 CQ_DEBUG i3=1 n3=7 to=[CQ] from=[W8JDP] extra=[EM79] modifier=[null] msgText=[CQ W8JDP EM79]
09:37:59.945 CQ_DEBUG i3=1 n3=1 to=[CQ] from=[AA7VG] extra=[DN45] modifier=[null] msgText=[CQ AA7VG DN45]
09:37:59.946 CQ_DEBUG i3=1 n3=2 to=[CQ] from=[KO6IHJ] extra=[CM98] modifier=[null] msgText=[CQ KO6IHJ CM98]
09:37:59.947 CQ_DEBUG i3=1 n3=5 to=[CQ] from=[KE8ZKN] extra=[EN73] modifier=[null] msgText=[CQ KE8ZKN EN73]
09:37:59.947 CQ_DEBUG i3=1 n3=3 to=[CQ] from=[KF9UG] extra=[EN71] modifier=[null] msgText=[CQ KF9UG EN71]
09:37:59.948 QSO: cycle slot=0 order=2 newOrder=-1 to=KZ4KC noReply=2/0
09:37:59.949 QSO: no-reply 3 (order=2 to=KZ4KC)
09:37:59.950 QSO: cycle(deep) slot=0 order=2 newOrder=-1 to=KZ4KC noReply=3/0
09:37:59.952 PskReporterSender: enqueued 1 spots (queue=7)
09:38:00.395 CQ_DEBUG i3=1 n3=7 to=[CQ] from=[VE2OPR] extra=[FN35] modifier=[null] msgText=[CQ VE2OPR FN35]
09:38:00.396 CQ_DEBUG i3=1 n3=5 to=[CQ] from=[KA1MXL] extra=[FN41] modifier=[null] msgText=[CQ KA1MXL FN41]
09:38:00.397 QSO: cycle(deep) slot=0 order=2 newOrder=-1 to=KZ4KC noReply=3/0
09:38:01.214 QSO: TX slot=0 order=2 msg=[KZ4KC K1AF -17]
09:38:01.216 serial.send[4]: TX1; | hex: 54 58 31 3B
09:38:01.218 serial.send: write completed OK
09:38:01.341 playFT8Signal: TX path branch: audioOutputDeviceId=-1 usbAudioOutputVidPid=0D8C:0012 volume=25% autoVolume=false
09:38:01.342 playFT8Signal: using USB audio (direct) output
09:38:01.343 playViaUsbAudio: start, VID=0D8C PID=0012 samples=151680 rate=12000
09:38:01.350 playViaUsbAudio: device opened, output activated at 48000 Hz
09:38:01.352 playViaUsbAudio: calling writeAudio playLength=151680 rate=12000
09:38:01.386 UsbAudioDevice: trying libusb native write fd=146 iface=1 alt=1 ep=0x01 maxPkt=200 bytes=2426880 outputRate=48000 ch=2
09:38:01.981 CQ_DEBUG i3=1 n3=1 to=[CQ POTA] from=[VE3FSN] extra=[] modifier=[null] msgText=[CQ POTA VE3FSN]
09:38:02.775 PskReporterSender: enqueued 1 spots (queue=8)
09:38:03.842 QSO: dequeue caller VE6BR (0 left in queue)
09:38:03.844 QSO: setTransmit to=VE6BR order=2 slot=0
09:38:10.863 Pota: polling started (subscribers=1)
09:38:11.031 Pota: spots ok N=22 (filter=FT8)
09:38:11.799 QrzWeb: VE6BR -> https://cdn-bio.qrz.com/r/ve6br/2023_05_04_15_37_15.jpg?p=168337e51a1bd7bf1c5baa56cb4fb0dc
09:38:14.035 UsbAudioDevice: libusb native write OK
09:38:14.036 playViaUsbAudio: writeAudio returned OK
09:38:14.041 serial.send[4]: TX0; | hex: 54 58 30 3B
09:38:14.043 serial.send: write completed OK
09:38:14.807 DECODE: kept=0 ownEcho=1 junk=0 replyToMe=false slot=0
09:38:29.886 DECODE: kept=20 ownEcho=0 junk=0 replyToMe=true slot=1
09:38:29.888 CQ_DEBUG i3=1 n3=1 to=[CQ] from=[AA7VG] extra=[DN45] modifier=[null] msgText=[CQ AA7VG DN45]
09:38:29.889 CQ_DEBUG i3=1 n3=2 to=[CQ] from=[KO6IHJ] extra=[CM98] modifier=[null] msgText=[CQ KO6IHJ CM98]
09:38:29.890 QSO: cycle slot=0 order=2 newOrder=-1 to=VE6BR noReply=0/0
09:38:29.891 QSO: enqueue caller KZ4KC (queue size 1)
09:38:29.892 QSO: no-reply 1 (order=2 to=VE6BR)
09:38:29.893 QSO: cycle(deep) slot=0 order=2 newOrder=-1 to=VE6BR noReply=1/0
09:38:29.899 PskReporterSender: enqueued 2 spots (queue=10)
09:38:30.325 QSO: cycle(deep) slot=0 order=2 newOrder=-1 to=VE6BR noReply=1/0
09:38:31.212 QSO: TX slot=0 order=2 msg=[VE6BR K1AF -16]
09:38:31.218 serial.send[4]: TX1; | hex: 54 58 31 3B
09:38:31.265 serial.send: write completed OK
09:38:31.398 playFT8Signal: TX path branch: audioOutputDeviceId=-1 usbAudioOutputVidPid=0D8C:0012 volume=25% autoVolume=false
09:38:31.398 playFT8Signal: using USB audio (direct) output
09:38:31.399 playViaUsbAudio: start, VID=0D8C PID=0012 samples=151680 rate=12000
09:38:31.424 playViaUsbAudio: device opened, output activated at 48000 Hz
09:38:31.425 playViaUsbAudio: calling writeAudio playLength=151680 rate=12000
09:38:31.465 UsbAudioDevice: trying libusb native write fd=157 iface=1 alt=1 ep=0x01 maxPkt=200 bytes=2426880 outputRate=48000 ch=2
09:38:32.458 CQ_DEBUG i3=1 n3=7 to=[CQ] from=[VE2OPR] extra=[FN35] modifier=[null] msgText=[CQ VE2OPR FN35]
09:38:32.459 CQ_DEBUG i3=1 n3=7 to=[CQ] from=[K4CUP] extra=[EM87] modifier=[null] msgText=[CQ K4CUP EM87]
09:38:32.460 CQ_DEBUG i3=1 n3=1 to=[CQ POTA] from=[VE3FSN] extra=[] modifier=[null] msgText=[CQ POTA VE3FSN]
09:38:32.461 PskReporterSender: enqueued 1 spots (queue=11)
09:38:44.116 UsbAudioDevice: libusb native write OK
09:38:44.119 playViaUsbAudio: writeAudio returned OK
09:38:44.132 serial.send[4]: TX0; | hex: 54 58 30 3B
09:38:44.136 serial.send: write completed OK
09:38:44.818 DECODE: kept=0 ownEcho=1 junk=0 replyToMe=false slot=0
09:38:59.883 DECODE: kept=19 ownEcho=0 junk=0 replyToMe=true slot=1
09:38:59.885 CQ_DEBUG i3=1 n3=6 to=[CQ] from=[WV7Z] extra=[DN26] modifier=[null] msgText=[CQ WV7Z DN26]
09:38:59.885 CQ_DEBUG i3=1 n3=1 to=[CQ] from=[AA7VG] extra=[DN45] modifier=[null] msgText=[CQ AA7VG DN45]
09:38:59.886 CQ_DEBUG i3=1 n3=6 to=[CQ] from=[KF8DK] extra=[EN90] modifier=[null] msgText=[CQ KF8DK EN90]
09:38:59.887 QSO: cycle slot=0 order=2 newOrder=3 to=VE6BR noReply=1/0
09:38:59.888 QSO: advance order 2->4 with VE6BR
09:38:59.890 QSO: cycle(deep) slot=0 order=4 newOrder=-1 to=VE6BR noReply=0/0
09:38:59.892 PskReporterSender: enqueued 4 spots (queue=15)
09:39:00.407 CQ_DEBUG i3=1 n3=5 to=[CQ] from=[KA1MXL] extra=[FN41] modifier=[null] msgText=[CQ KA1MXL FN41]
09:39:00.408 CQ_DEBUG i3=1 n3=2 to=[CQ] from=[KO6IHJ] extra=[CM98] modifier=[null] msgText=[CQ KO6IHJ CM98]
09:39:00.409 QSO: cycle(deep) slot=0 order=4 newOrder=-1 to=VE6BR noReply=0/0
09:39:00.410 PskReporterSender: enqueued 1 spots (queue=16)
09:39:01.223 QSO: TX slot=0 order=4 msg=[VE6BR K1AF RR73]
09:39:01.227 serial.send[4]: TX1; | hex: 54 58 31 3B
09:39:01.229 serial.send: write completed OK
09:39:01.353 playFT8Signal: TX path branch: audioOutputDeviceId=-1 usbAudioOutputVidPid=0D8C:0012 volume=25% autoVolume=false
09:39:01.354 playFT8Signal: using USB audio (direct) output
09:39:01.355 playViaUsbAudio: start, VID=0D8C PID=0012 samples=151680 rate=12000
09:39:01.374 playViaUsbAudio: device opened, output activated at 48000 Hz
09:39:01.377 playViaUsbAudio: calling writeAudio playLength=151680 rate=12000
09:39:01.469 UsbAudioDevice: trying libusb native write fd=168 iface=1 alt=1 ep=0x01 maxPkt=200 bytes=2426880 outputRate=48000 ch=2
09:39:02.316 CQ_DEBUG i3=1 n3=2 to=[CQ] from=[N4NJJ] extra=[DM26] modifier=[null] msgText=[CQ N4NJJ DM26]
09:39:02.317 CQ_DEBUG i3=1 n3=7 to=[CQ] from=[VE2OPR] extra=[FN35] modifier=[null] msgText=[CQ VE2OPR FN35]
09:39:02.318 CQ_DEBUG i3=1 n3=6 to=[CQ] from=[N8TEE] extra=[EN90] modifier=[null] msgText=[CQ N8TEE EN90]
09:39:02.318 CQ_DEBUG i3=1 n3=3 to=[CQ] from=[YH8MA] extra=[OI99] modifier=[null] msgText=[CQ YH8MA OI99]
09:39:11.238 Pota: spots ok N=21 (filter=FT8)
09:39:14.117 UsbAudioDevice: libusb native write OK
09:39:14.122 playViaUsbAudio: writeAudio returned OK
09:39:14.128 serial.send[4]: TX0; | hex: 54 58 30 3B
09:39:14.131 serial.send: write completed OK
09:39:14.814 DECODE: kept=0 ownEcho=1 junk=0 replyToMe=false slot=0
09:39:29.935 DECODE: kept=25 ownEcho=0 junk=0 replyToMe=true slot=1
09:39:29.936 CQ_DEBUG i3=1 n3=0 to=[CQ] from=[KB4HL] extra=[EM64] modifier=[null] msgText=[CQ KB4HL EM64]
09:39:29.938 CQ_DEBUG i3=1 n3=1 to=[CQ] from=[AA7VG] extra=[DN45] modifier=[null] msgText=[CQ AA7VG DN45]
09:39:29.939 CQ_DEBUG i3=1 n3=2 to=[CQ] from=[VK6KC] extra=[OF78] modifier=[null] msgText=[CQ VK6KC OF78]
09:39:29.940 QSO: cycle slot=0 order=4 newOrder=5 to=VE6BR noReply=0/0
09:39:29.941 QSO: complete with VE6BR (order=4 newOrder=5) -> reset to CQ
09:39:29.942 QSO: dequeue caller KZ4KC (0 left in queue)
09:39:29.945 QSO: setTransmit to=KZ4KC order=4 slot=0
09:39:29.946 QSO: cycle(deep) slot=0 order=4 newOrder=-1 to=KZ4KC noReply=0/0
09:39:29.946 QSO: enqueue caller W8RJC (queue size 1)
09:39:29.948 PskReporterSender: enqueued 4 spots (queue=20)
09:39:30.478 CQ_DEBUG i3=1 n3=6 to=[CQ] from=[KF8DK] extra=[EN90] modifier=[null] msgText=[CQ KF8DK EN90]
09:39:30.480 CQ_DEBUG i3=1 n3=2 to=[CQ] from=[N4NJJ] extra=[DM26] modifier=[null] msgText=[CQ N4NJJ DM26]
09:39:30.481 CQ_DEBUG i3=1 n3=7 to=[CQ] from=[K4CUP] extra=[EM87] modifier=[null] msgText=[CQ K4CUP EM87]
09:39:30.482 CQ_DEBUG i3=1 n3=2 to=[CQ] from=[KO6IHJ] extra=[CM98] modifier=[null] msgText=[CQ KO6IHJ CM98]
09:39:30.483 QSO: cycle(deep) slot=0 order=4 newOrder=-1 to=KZ4KC noReply=0/0
09:39:30.887 QrzWeb: KZ4KC -> https://cdn-bio.qrz.com/c/kz4kc/IMG_0029.jpg?p=135f56648f2be0203465534b221d6de4
09:39:31.208 QSO: TX slot=0 order=4 msg=[KZ4KC K1AF RR73]
09:39:31.212 serial.send[4]: TX1; | hex: 54 58 31 3B
09:39:31.216 serial.send: write completed OK
09:39:31.338 playFT8Signal: TX path branch: audioOutputDeviceId=-1 usbAudioOutputVidPid=0D8C:0012 volume=25% autoVolume=false
09:39:31.339 playFT8Signal: using USB audio (direct) output
09:39:31.340 playViaUsbAudio: start, VID=0D8C PID=0012 samples=151680 rate=12000
09:39:31.347 playViaUsbAudio: device opened, output activated at 48000 Hz
09:39:31.351 playViaUsbAudio: calling writeAudio playLength=151680 rate=12000
09:39:31.439 UsbAudioDevice: trying libusb native write fd=152 iface=1 alt=1 ep=0x01 maxPkt=200 bytes=2426880 outputRate=48000 ch=2
09:39:32.646 CQ_DEBUG i3=1 n3=5 to=[CQ] from=[KA1MXL] extra=[FN41] modifier=[null] msgText=[CQ KA1MXL FN41]
09:39:44.087 UsbAudioDevice: libusb native write OK
09:39:44.090 playViaUsbAudio: writeAudio returned OK
09:39:44.095 serial.send[4]: TX0; | hex: 54 58 30 3B
09:39:44.096 serial.send: write completed OK
09:39:44.807 DECODE: kept=0 ownEcho=1 junk=0 replyToMe=false slot=0
09:39:45.163 QSO: cycle(deep) slot=0 order=4 newOrder=-1 to=KZ4KC noReply=0/0
09:39:45.164 QSO: cycle(deep) slot=0 order=4 newOrder=-1 to=KZ4KC noReply=0/0
09:39:52.866 Pota: polling stopped
09:39:52.868 Pota: polling started (subscribers=1)
09:39:53.026 Pota: spots ok N=22 (filter=FT8)
09:39:55.547 Pota: polling stopped
09:39:59.883 DECODE: kept=16 ownEcho=0 junk=0 replyToMe=true slot=1
09:39:59.884 CQ_DEBUG i3=1 n3=6 to=[CQ] from=[KF8DK] extra=[EN90] modifier=[null] msgText=[CQ KF8DK EN90]
09:39:59.885 CQ_DEBUG i3=1 n3=3 to=[CQ] from=[KF9UG] extra=[EN71] modifier=[null] msgText=[CQ KF9UG EN71]
09:39:59.886 CQ_DEBUG i3=1 n3=0 to=[CQ] from=[KB4HL] extra=[EM64] modifier=[null] msgText=[CQ KB4HL EM64]
09:39:59.887 QSO: cycle slot=0 order=4 newOrder=-1 to=KZ4KC noReply=0/0
09:39:59.888 QSO: no-reply 1 (order=4 to=KZ4KC)
09:40:00.378 CQ_DEBUG i3=1 n3=2 to=[CQ] from=[N4NJJ] extra=[DM26] modifier=[null] msgText=[CQ N4NJJ DM26]
09:40:00.379 CQ_DEBUG i3=1 n3=2 to=[CQ] from=[KO6IHJ] extra=[CM98] modifier=[null] msgText=[CQ KO6IHJ CM98]
09:40:00.380 QSO: cycle(deep) slot=0 order=4 newOrder=-1 to=KZ4KC noReply=1/0
09:40:00.380 QSO: complete with KZ4KC (order=4 newOrder=-1) -> reset to CQ
09:40:00.381 QSO: dequeue caller W8RJC (0 left in queue)
09:40:00.382 QSO: setTransmit to=W8RJC order=2 slot=0
09:40:00.383 PskReporterSender: enqueued 2 spots (queue=22)
09:40:01.220 QSO: TX slot=0 order=2 msg=[W8RJC K1AF -15]
09:40:01.226 serial.send[4]: TX1; | hex: 54 58 31 3B
09:40:01.229 serial.send: write completed OK
09:40:01.347 playFT8Signal: TX path branch: audioOutputDeviceId=-1 usbAudioOutputVidPid=0D8C:0012 volume=25% autoVolume=false
09:40:01.349 playFT8Signal: using USB audio (direct) output
09:40:01.350 playViaUsbAudio: start, VID=0D8C PID=0012 samples=151680 rate=12000
09:40:01.374 playViaUsbAudio: device opened, output activated at 48000 Hz
09:40:01.378 playViaUsbAudio: calling writeAudio playLength=151680 rate=12000
09:40:01.444 UsbAudioDevice: trying libusb native write fd=152 iface=1 alt=1 ep=0x01 maxPkt=200 bytes=2426880 outputRate=48000 ch=2
09:40:14.087 UsbAudioDevice: libusb native write OK
09:40:14.090 playViaUsbAudio: writeAudio returned OK
09:40:14.095 serial.send[4]: TX0; | hex: 54 58 30 3B
09:40:14.096 serial.send: write completed OK
09:40:14.856 DECODE: kept=0 ownEcho=1 junk=0 replyToMe=false slot=0
09:40:14.991 Pota: polling started (subscribers=1)
09:40:15.283 Pota: spots ok N=22 (filter=FT8)
09:40:16.594 Pota: selfSpot ok ref=US-12398 freq=14074.0kHz mode=FT8
09:40:17.395 Pota: polling stopped
09:40:17.396 Pota: polling started (subscribers=1)
09:40:17.565 Pota: spots ok N=22 (filter=FT8)
09:40:18.131 QrzWeb: W8RJC -> https://cdn-bio.qrz.com/c/w8rjc/0D28_4579_A548_7D2855FFFE2C_jpeg.jpg?p=fc90dfafac09e4c57731d8c4552a3e71
09:40:19.712 Pota: polling stopped
09:40:29.904 DECODE: kept=18 ownEcho=0 junk=0 replyToMe=true slot=1
09:40:29.905 CQ_DEBUG i3=1 n3=6 to=[CQ] from=[N8TEE] extra=[EN90] modifier=[null] msgText=[CQ N8TEE EN90]
09:40:29.906 CQ_DEBUG i3=1 n3=4 to=[CQ] from=[K7VJ] extra=[DN40] modifier=[null] msgText=[CQ K7VJ DN40]
09:40:29.906 CQ_DEBUG i3=1 n3=6 to=[CQ] from=[WV7Z] extra=[DN26] modifier=[null] msgText=[CQ WV7Z DN26]
09:40:29.907 CQ_DEBUG i3=1 n3=6 to=[CQ] from=[N1MSH] extra=[EN82] modifier=[null] msgText=[CQ N1MSH EN82]
09:40:29.908 CQ_DEBUG i3=1 n3=3 to=[CQ] from=[KF9UG] extra=[EN71] modifier=[null] msgText=[CQ KF9UG EN71]
09:40:29.908 CQ_DEBUG i3=1 n3=2 to=[CQ] from=[N4NJJ] extra=[DM26] modifier=[null] msgText=[CQ N4NJJ DM26]
09:40:29.909 QSO: cycle slot=0 order=2 newOrder=3 to=W8RJC noReply=0/0
09:40:29.910 QSO: advance order 2->4 with W8RJC
09:40:29.912 QSO: cycle(deep) slot=0 order=4 newOrder=-1 to=W8RJC noReply=0/0
09:40:29.914 PskReporterSender: enqueued 7 spots (queue=29)
09:40:30.371 CQ_DEBUG i3=1 n3=2 to=[CQ] from=[KO6IHJ] extra=[CM98] modifier=[null] msgText=[CQ KO6IHJ CM98]
09:40:30.373 QSO: cycle(deep) slot=0 order=4 newOrder=-1 to=W8RJC noReply=0/0
09:40:30.374 PskReporterSender: enqueued 3 spots (queue=32)
09:40:31.215 QSO: TX slot=0 order=4 msg=[W8RJC K1AF RR73]
09:40:31.222 serial.send[4]: TX1; | hex: 54 58 31 3B
09:40:31.225 serial.send: write completed OK
09:40:31.355 playFT8Signal: TX path branch: audioOutputDeviceId=-1 usbAudioOutputVidPid=0D8C:0012 volume=25% autoVolume=false
09:40:31.357 playFT8Signal: using USB audio (direct) output
09:40:31.358 playViaUsbAudio: start, VID=0D8C PID=0012 samples=151680 rate=12000
09:40:31.377 playViaUsbAudio: device opened, output activated at 48000 Hz
09:40:31.379 playViaUsbAudio: calling writeAudio playLength=151680 rate=12000
09:40:31.445 UsbAudioDevice: trying libusb native write fd=161 iface=1 alt=1 ep=0x01 maxPkt=200 bytes=2426880 outputRate=48000 ch=2
09:40:44.088 UsbAudioDevice: libusb native write OK
09:40:44.089 playViaUsbAudio: writeAudio returned OK
09:40:44.095 serial.send[4]: TX0; | hex: 54 58 30 3B
09:40:44.097 serial.send: write completed OK
09:40:44.869 DECODE: kept=0 ownEcho=1 junk=0 replyToMe=false slot=0
09:40:59.872 DECODE: kept=24 ownEcho=0 junk=0 replyToMe=true slot=1
09:40:59.874 CQ_DEBUG i3=1 n3=6 to=[CQ] from=[WV7Z] extra=[DN26] modifier=[null] msgText=[CQ WV7Z DN26]
09:40:59.875 CQ_DEBUG i3=1 n3=6 to=[CQ] from=[N1MSH] extra=[EN82] modifier=[null] msgText=[CQ N1MSH EN82]
09:40:59.876 CQ_DEBUG i3=1 n3=4 to=[CQ] from=[K7VJ] extra=[DN40] modifier=[null] msgText=[CQ K7VJ DN40]
09:40:59.877 CQ_DEBUG i3=1 n3=3 to=[CQ] from=[KF9UG] extra=[EN71] modifier=[null] msgText=[CQ KF9UG EN71]
09:40:59.878 CQ_DEBUG i3=1 n3=2 to=[CQ] from=[N4NJJ] extra=[DM26] modifier=[null] msgText=[CQ N4NJJ DM26]
09:40:59.879 CQ_DEBUG i3=1 n3=1 to=[CQ] from=[KF0WVO] extra=[EN05] modifier=[null] msgText=[CQ KF0WVO EN05]
09:40:59.880 QSO: cycle slot=0 order=4 newOrder=5 to=W8RJC noReply=0/0
09:40:59.881 QSO: complete with W8RJC (order=4 newOrder=5) -> reset to CQ
09:40:59.882 QSO: cycle(deep) slot=0 order=6 newOrder=-1 to=CQ noReply=0/0
09:40:59.885 PskReporterSender: enqueued 4 spots (queue=36)
09:41:00.266 CQ_DEBUG i3=1 n3=4 to=[CQ] from=[W9FTR] extra=[EM60] modifier=[null] msgText=[CQ W9FTR EM60]
09:41:00.268 CQ_DEBUG i3=1 n3=2 to=[CQ] from=[KO6IHJ] extra=[CM98] modifier=[null] msgText=[CQ KO6IHJ CM98]
09:41:00.268 CQ_DEBUG i3=1 n3=7 to=[CQ] from=[VE2OPR] extra=[FN35] modifier=[null] msgText=[CQ VE2OPR FN35]
09:41:00.269 QSO: cycle(deep) slot=0 order=6 newOrder=-1 to=CQ noReply=0/0
09:41:00.271 PskReporterSender: enqueued 3 spots (queue=39)
09:41:01.213 QSO: TX slot=0 order=6 msg=[CQ POTA K1AF EM28]
09:41:01.216 serial.send[4]: TX1; | hex: 54 58 31 3B
09:41:01.217 serial.send: write completed OK
09:41:01.346 playFT8Signal: TX path branch: audioOutputDeviceId=-1 usbAudioOutputVidPid=0D8C:0012 volume=25% autoVolume=false
09:41:01.348 playFT8Signal: using USB audio (direct) output
09:41:01.351 playViaUsbAudio: start, VID=0D8C PID=0012 samples=151680 rate=12000
09:41:01.368 playViaUsbAudio: device opened, output activated at 48000 Hz
09:41:01.371 playViaUsbAudio: calling writeAudio playLength=151680 rate=12000
09:41:01.404 UsbAudioDevice: trying libusb native write fd=161 iface=1 alt=1 ep=0x01 maxPkt=200 bytes=2426880 outputRate=48000 ch=2
09:41:01.979 CQ_DEBUG i3=1 n3=5 to=[CQ] from=[KA1MXL] extra=[FN41] modifier=[null] msgText=[CQ KA1MXL FN41]
09:41:01.983 PskReporterSender: enqueued 3 spots (queue=42)
09:41:14.048 UsbAudioDevice: libusb native write OK
09:41:14.052 playViaUsbAudio: writeAudio returned OK
09:41:14.059 serial.send[4]: TX0; | hex: 54 58 30 3B
09:41:14.062 serial.send: write completed OK
09:41:14.870 DECODE: kept=0 ownEcho=1 junk=0 replyToMe=false slot=0
09:41:29.957 DECODE: kept=21 ownEcho=0 junk=0 replyToMe=true slot=1
09:41:29.959 CQ_DEBUG i3=1 n3=6 to=[CQ] from=[N1MSH] extra=[EN82] modifier=[null] msgText=[CQ N1MSH EN82]
09:41:29.959 CQ_DEBUG i3=1 n3=4 to=[CQ] from=[W9FTR] extra=[EM60] modifier=[null] msgText=[CQ W9FTR EM60]
09:41:29.960 CQ_DEBUG i3=1 n3=6 to=[CQ] from=[KF8DK] extra=[EN90] modifier=[null] msgText=[CQ KF8DK EN90]
09:41:29.961 CQ_DEBUG i3=1 n3=0 to=[CQ] from=[KB4HL] extra=[EM64] modifier=[null] msgText=[CQ KB4HL EM64]
09:41:29.961 CQ_DEBUG i3=1 n3=2 to=[CQ] from=[N4NJJ] extra=[DM26] modifier=[null] msgText=[CQ N4NJJ DM26]
09:41:29.962 CQ_DEBUG i3=1 n3=1 to=[CQ] from=[KV2X] extra=[FN13] modifier=[null] msgText=[CQ KV2X FN13]
09:41:29.963 CQ_DEBUG i3=1 n3=7 to=[CQ] from=[VE2OPR] extra=[FN35] modifier=[null] msgText=[CQ VE2OPR FN35]
09:41:29.964 QSO: cycle slot=0 order=6 newOrder=-1 to=CQ noReply=0/0
09:41:29.965 QSO: setTransmit to=KD9SR order=2 slot=0
09:41:29.966 QSO: cycle(deep) slot=0 order=2 newOrder=-1 to=KD9SR noReply=0/0
09:41:29.970 PskReporterSender: enqueued 4 spots (queue=46)
09:41:30.370 CQ_DEBUG i3=1 n3=1 to=[CQ] from=[KF0WVO] extra=[EN05] modifier=[null] msgText=[CQ KF0WVO EN05]
09:41:30.371 CQ_DEBUG i3=1 n3=2 to=[CQ] from=[KO6IHJ] extra=[CM98] modifier=[null] msgText=[CQ KO6IHJ CM98]
09:41:30.372 QSO: cycle(deep) slot=0 order=2 newOrder=-1 to=KD9SR noReply=0/0
09:41:31.214 QSO: TX slot=0 order=2 msg=[KD9SR K1AF -9]
09:41:31.221 serial.send[4]: TX1; | hex: 54 58 31 3B
09:41:31.224 serial.send: write completed OK
09:41:31.349 playFT8Signal: TX path branch: audioOutputDeviceId=-1 usbAudioOutputVidPid=0D8C:0012 volume=25% autoVolume=false
09:41:31.350 playFT8Signal: using USB audio (direct) output
09:41:31.351 playViaUsbAudio: start, VID=0D8C PID=0012 samples=151680 rate=12000
09:41:31.359 playViaUsbAudio: device opened, output activated at 48000 Hz
09:41:31.360 playViaUsbAudio: calling writeAudio playLength=151680 rate=12000
09:41:31.393 UsbAudioDevice: trying libusb native write fd=178 iface=1 alt=1 ep=0x01 maxPkt=200 bytes=2426880 outputRate=48000 ch=2
09:41:32.047 CQ_DEBUG i3=1 n3=1 to=[CQ POTA] from=[KD9GXA] extra=[EN61] modifier=[null] msgText=[CQ POTA KD9GXA EN61]
09:41:32.050 CQ_DEBUG i3=1 n3=5 to=[CQ] from=[KA1MXL] extra=[FN41] modifier=[null] msgText=[CQ KA1MXL FN41]
09:41:32.904 PskReporterSender: enqueued 1 spots (queue=47)
09:41:44.036 UsbAudioDevice: libusb native write OK
09:41:44.040 playViaUsbAudio: writeAudio returned OK
09:41:44.043 serial.send[4]: TX0; | hex: 54 58 30 3B
09:41:44.044 serial.send: write completed OK
09:41:44.853 DECODE: kept=0 ownEcho=1 junk=0 replyToMe=false slot=0
09:41:47.253 PskReporterSender: sent 1 packet(s) with 47 spots
09:41:49.924 Pota: polling started (subscribers=1)
09:41:50.198 Pota: spots ok N=22 (filter=FT8)
09:41:52.525 Pota: polling stopped
09:41:59.881 DECODE: kept=27 ownEcho=0 junk=0 replyToMe=true slot=1
09:41:59.883 CQ_DEBUG i3=1 n3=4 to=[CQ] from=[NC7I] extra=[DN40] modifier=[null] msgText=[CQ NC7I DN40]
09:41:59.883 CQ_DEBUG i3=1 n3=4 to=[CQ] from=[W9FTR] extra=[EM60] modifier=[null] msgText=[CQ W9FTR EM60]
09:41:59.884 CQ_DEBUG i3=1 n3=6 to=[CQ] from=[N1MSH] extra=[EN82] modifier=[null] msgText=[CQ N1MSH EN82]
09:41:59.885 CQ_DEBUG i3=1 n3=6 to=[CQ] from=[KF8DK] extra=[EN90] modifier=[null] msgText=[CQ KF8DK EN90]
09:41:59.886 CQ_DEBUG i3=1 n3=0 to=[CQ] from=[KB4HL] extra=[EM64] modifier=[null] msgText=[CQ KB4HL EM64]
09:41:59.887 CQ_DEBUG i3=1 n3=7 to=[CQ] from=[VE2OPR] extra=[FN35] modifier=[null] msgText=[CQ VE2OPR FN35]
09:41:59.887 CQ_DEBUG i3=1 n3=2 to=[CQ] from=[N4NJJ] extra=[DM26] modifier=[null] msgText=[CQ N4NJJ DM26]
09:41:59.888 CQ_DEBUG i3=1 n3=2 to=[CQ] from=[KO6IHJ] extra=[CM98] modifier=[null] msgText=[CQ KO6IHJ CM98]
09:41:59.889 QSO: cycle slot=0 order=2 newOrder=3 to=KD9SR noReply=0/0
09:41:59.890 QSO: advance order 2->4 with KD9SR
09:41:59.892 QSO: cycle(deep) slot=0 order=4 newOrder=-1 to=KD9SR noReply=0/0
09:41:59.895 PskReporterSender: enqueued 7 spots (queue=7)
09:42:00.263 CQ_DEBUG i3=1 n3=1 to=[CQ POTA] from=[KD9GXA] extra=[EN61] modifier=[null] msgText=[CQ POTA KD9GXA EN61]
09:42:00.264 CQ_DEBUG i3=1 n3=1 to=[CQ] from=[KV2X] extra=[FN13] modifier=[null] msgText=[CQ KV2X FN13]
09:42:00.266 QSO: cycle(deep) slot=0 order=4 newOrder=-1 to=KD9SR noReply=0/0
09:42:01.218 QSO: TX slot=0 order=4 msg=[KD9SR K1AF RR73]
09:42:01.225 serial.send[4]: TX1; | hex: 54 58 31 3B
09:42:01.227 serial.send: write completed OK
09:42:01.365 playFT8Signal: TX path branch: audioOutputDeviceId=-1 usbAudioOutputVidPid=0D8C:0012 volume=25% autoVolume=false
09:42:01.367 playFT8Signal: using USB audio (direct) output
09:42:01.368 playViaUsbAudio: start, VID=0D8C PID=0012 samples=151680 rate=12000
09:42:01.380 playViaUsbAudio: device opened, output activated at 48000 Hz
09:42:01.384 playViaUsbAudio: calling writeAudio playLength=151680 rate=12000
09:42:01.452 UsbAudioDevice: trying libusb native write fd=167 iface=1 alt=1 ep=0x01 maxPkt=200 bytes=2426880 outputRate=48000 ch=2
09:42:02.078 CQ_DEBUG i3=1 n3=6 to=[CQ] from=[KO6MFA] extra=[CM94] modifier=[null] msgText=[CQ KO6MFA CM94]
09:42:02.080 PskReporterSender: enqueued 1 spots (queue=8)
09:42:14.097 UsbAudioDevice: libusb native write OK
09:42:14.099 playViaUsbAudio: writeAudio returned OK
09:42:14.108 serial.send[4]: TX0; | hex: 54 58 30 3B
09:42:14.110 serial.send: write completed OK
09:42:14.879 DECODE: kept=0 ownEcho=1 junk=0 replyToMe=false slot=0
09:42:29.891 DECODE: kept=27 ownEcho=0 junk=0 replyToMe=true slot=1
09:42:29.892 CQ_DEBUG i3=1 n3=4 to=[CQ] from=[NC7I] extra=[DN40] modifier=[null] msgText=[CQ NC7I DN40]
09:42:29.892 CQ_DEBUG i3=1 n3=0 to=[CQ] from=[KB4HL] extra=[EM64] modifier=[null] msgText=[CQ KB4HL EM64]
09:42:29.893 CQ_DEBUG i3=1 n3=6 to=[CQ] from=[N1MSH] extra=[EN82] modifier=[null] msgText=[CQ N1MSH EN82]
09:42:29.894 CQ_DEBUG i3=1 n3=2 to=[CQ] from=[VK6KC] extra=[OF78] modifier=[null] msgText=[CQ VK6KC OF78]
09:42:29.894 CQ_DEBUG i3=1 n3=5 to=[CQ] from=[N5VHT] extra=[EL49] modifier=[null] msgText=[CQ N5VHT EL49]
09:42:29.895 CQ_DEBUG i3=1 n3=1 to=[CQ POTA] from=[KD9GXA] extra=[EN61] modifier=[null] msgText=[CQ POTA KD9GXA EN61]
09:42:29.895 CQ_DEBUG i3=1 n3=0 to=[CQ] from=[KE2FUM] extra=[FN20] modifier=[null] msgText=[CQ KE2FUM FN20]
09:42:29.896 CQ_DEBUG i3=1 n3=3 to=[CQ] from=[KJ5PTH] extra=[EL39] modifier=[null] msgText=[CQ KJ5PTH EL39]
09:42:29.897 CQ_DEBUG i3=1 n3=5 to=[CQ] from=[KA1MXL] extra=[FN41] modifier=[null] msgText=[CQ KA1MXL FN41]
09:42:29.897 CQ_DEBUG i3=1 n3=2 to=[CQ] from=[N4NJJ] extra=[DM26] modifier=[null] msgText=[CQ N4NJJ DM26]
09:42:29.898 QSO: cycle slot=0 order=4 newOrder=5 to=KD9SR noReply=0/0
09:42:29.898 QSO: complete with KD9SR (order=4 newOrder=5) -> reset to CQ
09:42:29.900 QSO: setTransmit to=NE2S order=2 slot=0
09:42:29.901 QSO: cycle(deep) slot=0 order=2 newOrder=-1 to=NE2S noReply=0/0
09:42:29.904 PskReporterSender: enqueued 6 spots (queue=14)
09:42:30.263 QSO: cycle(deep) slot=0 order=2 newOrder=-1 to=NE2S noReply=0/0
09:42:31.219 QSO: TX slot=0 order=2 msg=[NE2S K1AF -16]
09:42:31.230 serial.send[4]: TX1; | hex: 54 58 31 3B
09:42:31.233 serial.send: write completed OK
09:42:31.382 playFT8Signal: TX path branch: audioOutputDeviceId=-1 usbAudioOutputVidPid=0D8C:0012 volume=25% autoVolume=false
09:42:31.386 playFT8Signal: using USB audio (direct) output
09:42:31.387 playViaUsbAudio: start, VID=0D8C PID=0012 samples=151680 rate=12000
09:42:31.403 playViaUsbAudio: device opened, output activated at 48000 Hz
09:42:31.408 playViaUsbAudio: calling writeAudio playLength=151680 rate=12000
09:42:31.481 UsbAudioDevice: trying libusb native write fd=167 iface=1 alt=1 ep=0x01 maxPkt=200 bytes=2426880 outputRate=48000 ch=2
09:42:31.951 CQ_DEBUG i3=1 n3=1 to=[CQ] from=[KV2X] extra=[FN13] modifier=[null] msgText=[CQ KV2X FN13]
09:42:31.954 PskReporterSender: enqueued 2 spots (queue=16)
09:42:33.046 PskReporterSender: enqueued 1 spots (queue=17)
09:42:44.124 UsbAudioDevice: libusb native write OK
09:42:44.125 playViaUsbAudio: writeAudio returned OK
09:42:44.131 serial.send[4]: TX0; | hex: 54 58 30 3B
09:42:44.133 serial.send: write completed OK
09:42:44.832 DECODE: kept=0 ownEcho=1 junk=0 replyToMe=false slot=0
09:42:59.902 DECODE: kept=15 ownEcho=0 junk=0 replyToMe=false slot=1
09:42:59.905 CQ_DEBUG i3=1 n3=3 to=[CQ] from=[KF9UG] extra=[EN71] modifier=[null] msgText=[CQ KF9UG EN71]
09:42:59.906 CQ_DEBUG i3=1 n3=0 to=[CQ] from=[KB4HL] extra=[EM64] modifier=[null] msgText=[CQ KB4HL EM64]
09:42:59.907 CQ_DEBUG i3=1 n3=1 to=[CQ POTA] from=[KD9GXA] extra=[EN61] modifier=[null] msgText=[CQ POTA KD9GXA EN61]
09:42:59.908 CQ_DEBUG i3=1 n3=3 to=[CQ] from=[KJ5PTH] extra=[EL39] modifier=[null] msgText=[CQ KJ5PTH EL39]
09:42:59.909 QSO: cycle slot=0 order=2 newOrder=-1 to=NE2S noReply=0/0
09:42:59.910 QSO: no-reply 1 (order=2 to=NE2S)
09:42:59.910 QSO: cycle(deep) slot=0 order=2 newOrder=-1 to=NE2S noReply=1/0
09:42:59.912 PskReporterSender: enqueued 3 spots (queue=20)
09:43:00.448 CQ_DEBUG i3=1 n3=6 to=[CQ] from=[N1MSH] extra=[EN82] modifier=[null] msgText=[CQ N1MSH EN82]
09:43:00.449 CQ_DEBUG i3=1 n3=2 to=[CQ] from=[VK6KC] extra=[OF78] modifier=[null] msgText=[CQ VK6KC OF78]
09:43:00.450 CQ_DEBUG i3=1 n3=1 to=[CQ] from=[KV2X] extra=[FN13] modifier=[null] msgText=[CQ KV2X FN13]
09:43:00.450 QSO: cycle(deep) slot=0 order=2 newOrder=-1 to=NE2S noReply=1/0
09:43:00.452 PskReporterSender: enqueued 2 spots (queue=22)
09:43:01.215 QSO: TX slot=0 order=2 msg=[NE2S K1AF -16]
09:43:01.218 serial.send[4]: TX1; | hex: 54 58 31 3B
09:43:01.219 serial.send: write completed OK
09:43:01.345 playFT8Signal: TX path branch: audioOutputDeviceId=-1 usbAudioOutputVidPid=0D8C:0012 volume=25% autoVolume=false
09:43:01.346 playFT8Signal: using USB audio (direct) output
09:43:01.346 playViaUsbAudio: start, VID=0D8C PID=0012 samples=151680 rate=12000
09:43:01.356 playViaUsbAudio: device opened, output activated at 48000 Hz
09:43:01.359 playViaUsbAudio: calling writeAudio playLength=151680 rate=12000
09:43:01.390 UsbAudioDevice: trying libusb native write fd=197 iface=1 alt=1 ep=0x01 maxPkt=200 bytes=2426880 outputRate=48000 ch=2
09:43:14.034 UsbAudioDevice: libusb native write OK
09:43:14.037 playViaUsbAudio: writeAudio returned OK
09:43:14.045 serial.send[4]: TX0; | hex: 54 58 30 3B
09:43:14.047 serial.send: write completed OK
09:43:14.811 DECODE: kept=0 ownEcho=1 junk=0 replyToMe=false slot=0
09:43:29.897 DECODE: kept=16 ownEcho=0 junk=0 replyToMe=false slot=1
09:43:29.898 CQ_DEBUG i3=1 n3=3 to=[CQ] from=[KF9UG] extra=[EN71] modifier=[null] msgText=[CQ KF9UG EN71]
09:43:29.899 CQ_DEBUG i3=1 n3=0 to=[CQ] from=[KB4HL] extra=[EM64] modifier=[null] msgText=[CQ KB4HL EM64]
09:43:29.900 CQ_DEBUG i3=1 n3=3 to=[CQ] from=[KJ5PTH] extra=[EL39] modifier=[null] msgText=[CQ KJ5PTH EL39]
09:43:29.901 QSO: cycle slot=0 order=2 newOrder=-1 to=NE2S noReply=1/0
09:43:29.901 QSO: no-reply 2 (order=2 to=NE2S)
09:43:29.902 QSO: cycle(deep) slot=0 order=2 newOrder=-1 to=NE2S noReply=2/0
09:43:30.389 CQ_DEBUG i3=1 n3=6 to=[CQ] from=[N1MSH] extra=[EN82] modifier=[null] msgText=[CQ N1MSH EN82]
09:43:30.391 QSO: cycle(deep) slot=0 order=2 newOrder=-1 to=NE2S noReply=2/0
09:43:31.212 QSO: TX slot=0 order=2 msg=[NE2S K1AF -16]
09:43:31.221 serial.send[4]: TX1; | hex: 54 58 31 3B
09:43:31.222 serial.send: write completed OK
09:43:31.337 playFT8Signal: TX path branch: audioOutputDeviceId=-1 usbAudioOutputVidPid=0D8C:0012 volume=25% autoVolume=false
09:43:31.338 playFT8Signal: using USB audio (direct) output
09:43:31.343 playViaUsbAudio: start, VID=0D8C PID=0012 samples=151680 rate=12000
09:43:31.351 playViaUsbAudio: device opened, output activated at 48000 Hz
09:43:31.352 playViaUsbAudio: calling writeAudio playLength=151680 rate=12000
09:43:31.380 UsbAudioDevice: trying libusb native write fd=157 iface=1 alt=1 ep=0x01 maxPkt=200 bytes=2426880 outputRate=48000 ch=2
09:43:31.826 CQ_DEBUG i3=4 n3=3 to=[CQ] from=[5EPU3U1NOCE] extra=[] modifier=[null] msgText=[CQ 5EPU3U1NOCE]
09:43:31.828 PskReporterSender: enqueued 2 spots (queue=24)
09:43:33.095 UsbAudioDevice: libusb native write OK
09:43:33.097 playViaUsbAudio: writeAudio returned OK
09:43:33.111 serial.send[4]: TX0; | hex: 54 58 30 3B
09:43:33.114 serial.send: write completed OK
09:43:34.608 Pota: polling started (subscribers=1)
09:43:34.670 Pota: spots ok N=22 (filter=FT8)
09:43:44.881 DECODE: kept=20 ownEcho=0 junk=0 replyToMe=false slot=0
09:43:44.882 CQ_DEBUG i3=1 n3=7 to=[CQ] from=[N5EYT] extra=[EM79] modifier=[null] msgText=[CQ N5EYT EM79]
09:43:44.883 CQ_DEBUG i3=1 n3=6 to=[CQ] from=[KO1U] extra=[FN42] modifier=[null] msgText=[CQ KO1U FN42]
09:43:44.883 CQ_DEBUG i3=1 n3=5 to=[CQ] from=[KO6ALP] extra=[DM13] modifier=[null] msgText=[CQ KO6ALP DM13]
09:43:44.884 CQ_DEBUG i3=1 n3=1 to=[CQ DX] from=[KD7YOX] extra=[DM41] modifier=[null] msgText=[CQ DX KD7YOX DM41]
09:43:44.886 CQ_DEBUG i3=1 n3=2 to=[CQ] from=[N7DBS] extra=[DM26] modifier=[null] msgText=[CQ N7DBS DM26]
09:43:44.887 CQ_DEBUG i3=4 n3=1 to=[CQ] from=[W5C/H] extra=[] modifier=[null] msgText=[CQ W5C/H]
09:43:44.888 QSO: skip cycle, newest decode in own slot 0
09:43:44.889 QSO: cycle(deep) slot=0 order=2 newOrder=-1 to=NE2S noReply=0/0
09:43:44.891 PskReporterSender: enqueued 19 spots (queue=43)
09:43:45.327 QSO: cycle(deep) slot=0 order=2 newOrder=-1 to=NE2S noReply=0/0
09:43:45.329 PskReporterSender: enqueued 1 spots (queue=44)
09:43:45.907 QSO: setTransmit to=KD7YOX order=1 slot=1
09:43:46.217 QSO: TX slot=1 order=1 msg=[KD7YOX K1AF EM28]
09:43:46.220 serial.send[4]: TX1; | hex: 54 58 31 3B
09:43:46.223 serial.send: write completed OK
09:43:46.333 playFT8Signal: TX path branch: audioOutputDeviceId=-1 usbAudioOutputVidPid=0D8C:0012 volume=25% autoVolume=false
09:43:46.334 playFT8Signal: using USB audio (direct) output
09:43:46.334 playViaUsbAudio: start, VID=0D8C PID=0012 samples=151680 rate=12000
09:43:46.343 playViaUsbAudio: device opened, output activated at 48000 Hz
09:43:46.344 playViaUsbAudio: calling writeAudio playLength=151680 rate=12000
09:43:46.407 UsbAudioDevice: trying libusb native write fd=172 iface=1 alt=1 ep=0x01 maxPkt=200 bytes=2426880 outputRate=48000 ch=2
09:43:46.727 CQ_DEBUG i3=1 n3=4 to=[CQ] from=[KB3FW] extra=[EM92] modifier=[null] msgText=[CQ KB3FW EM92]
09:43:46.729 PskReporterSender: enqueued 4 spots (queue=48)
09:43:46.910 QrzWeb: KD7YOX -> https://cdn-bio.qrz.com/x/kd7yox/KD7YOX_Profile.jpg?p=237c0db7ab3667082669912a92dc3a05
09:43:59.053 UsbAudioDevice: libusb native write OK
09:43:59.055 playViaUsbAudio: writeAudio returned OK
09:43:59.060 serial.send[4]: TX0; | hex: 54 58 30 3B
09:43:59.062 serial.send: write completed OK
09:43:59.805 DECODE: kept=0 ownEcho=1 junk=0 replyToMe=false slot=1
09:44:14.932 DECODE: kept=16 ownEcho=0 junk=0 replyToMe=false slot=0
09:44:14.934 CQ_DEBUG i3=1 n3=1 to=[CQ] from=[WA4HR] extra=[EM65] modifier=[null] msgText=[CQ WA4HR EM65]
09:44:14.934 CQ_DEBUG i3=1 n3=7 to=[CQ] from=[AK6MH] extra=[CM87] modifier=[null] msgText=[CQ AK6MH CM87]
09:44:14.935 CQ_DEBUG i3=1 n3=1 to=[CQ] from=[KE8PHJ] extra=[EM89] modifier=[null] msgText=[CQ KE8PHJ EM89]
09:44:14.936 CQ_DEBUG i3=1 n3=3 to=[CQ] from=[AE7U] extra=[CN87] modifier=[null] msgText=[CQ AE7U CN87]
09:44:14.936 CQ_DEBUG i3=4 n3=1 to=[CQ] from=[W5C/H] extra=[] modifier=[null] msgText=[CQ W5C/H]
09:44:14.937 CQ_DEBUG i3=1 n3=7 to=[CQ] from=[N5EYT] extra=[EM79] modifier=[null] msgText=[CQ N5EYT EM79]
09:44:14.937 CQ_DEBUG i3=1 n3=4 to=[CQ] from=[KB3FW] extra=[EM92] modifier=[null] msgText=[CQ KB3FW EM92]
09:44:14.938 QSO: cycle slot=1 order=1 newOrder=-1 to=KD7YOX noReply=0/0
09:44:14.939 QSO: no-reply 1 (order=1 to=KD7YOX)
09:44:14.940 QSO: cycle(deep) slot=1 order=1 newOrder=-1 to=KD7YOX noReply=1/0
09:44:14.942 PskReporterSender: enqueued 5 spots (queue=53)
09:44:15.415 QSO: cycle(deep) slot=1 order=1 newOrder=-1 to=KD7YOX noReply=1/0
09:44:16.229 QSO: TX slot=1 order=1 msg=[KD7YOX K1AF EM28]
09:44:16.235 serial.send[4]: TX1; | hex: 54 58 31 3B
09:44:16.236 serial.send: write completed OK
09:44:16.369 playFT8Signal: TX path branch: audioOutputDeviceId=-1 usbAudioOutputVidPid=0D8C:0012 volume=25% autoVolume=false
09:44:16.370 playFT8Signal: using USB audio (direct) output
09:44:16.372 playViaUsbAudio: start, VID=0D8C PID=0012 samples=151680 rate=12000
09:44:16.387 playViaUsbAudio: device opened, output activated at 48000 Hz
09:44:16.389 playViaUsbAudio: calling writeAudio playLength=151680 rate=12000
09:44:16.433 UsbAudioDevice: trying libusb native write fd=171 iface=1 alt=1 ep=0x01 maxPkt=200 bytes=2426880 outputRate=48000 ch=2
09:44:16.672 CQ_DEBUG i3=1 n3=6 to=[CQ] from=[KO1U] extra=[FN42] modifier=[null] msgText=[CQ KO1U FN42]
09:44:16.673 CQ_DEBUG i3=1 n3=2 to=[CQ] from=[KF5NIX] extra=[EM10] modifier=[null] msgText=[CQ KF5NIX EM10]
09:44:16.674 CQ_DEBUG i3=1 n3=2 to=[CQ] from=[N7DBS] extra=[DM26] modifier=[null] msgText=[CQ N7DBS DM26]
09:44:16.675 CQ_DEBUG i3=1 n3=1 to=[CQ DX] from=[KD7YOX] extra=[DM41] modifier=[null] msgText=[CQ DX KD7YOX DM41]
09:44:16.676 PskReporterSender: enqueued 2 spots (queue=55)
09:44:29.086 UsbAudioDevice: libusb native write OK
09:44:29.087 playViaUsbAudio: writeAudio returned OK
09:44:29.092 serial.send[4]: TX0; | hex: 54 58 30 3B
09:44:29.093 serial.send: write completed OK
09:44:29.842 DECODE: kept=0 ownEcho=1 junk=0 replyToMe=false slot=1
09:44:34.734 Pota: spots ok N=21 (filter=FT8)
09:44:44.911 DECODE: kept=19 ownEcho=0 junk=0 replyToMe=false slot=0
09:44:44.913 CQ_DEBUG i3=1 n3=7 to=[CQ] from=[N5EYT] extra=[EM79] modifier=[null] msgText=[CQ N5EYT EM79]
09:44:44.913 CQ_DEBUG i3=1 n3=7 to=[CQ] from=[AK6MH] extra=[CM87] modifier=[null] msgText=[CQ AK6MH CM87]
09:44:44.914 CQ_DEBUG i3=4 n3=1 to=[CQ] from=[W5C/H] extra=[] modifier=[null] msgText=[CQ W5C/H]
09:44:44.915 QSO: cycle slot=1 order=1 newOrder=-1 to=KD7YOX noReply=1/0
09:44:44.915 QSO: no-reply 2 (order=1 to=KD7YOX)
09:44:44.916 QSO: cycle(deep) slot=1 order=1 newOrder=-1 to=KD7YOX noReply=2/0
09:44:44.918 PskReporterSender: enqueued 3 spots (queue=58)
09:44:45.345 CQ_DEBUG i3=1 n3=1 to=[CQ DX] from=[KD7YOX] extra=[DM41] modifier=[null] msgText=[CQ DX KD7YOX DM41]
09:44:45.346 QSO: cycle(deep) slot=1 order=1 newOrder=-1 to=KD7YOX noReply=2/0
09:44:46.010 QSO: setTransmit to=AK6MH order=1 slot=1
09:44:46.224 QSO: TX slot=1 order=1 msg=[AK6MH K1AF EM28]
09:44:46.226 serial.send[4]: TX1; | hex: 54 58 31 3B
09:44:46.228 serial.send: write completed OK
09:44:46.365 playFT8Signal: TX path branch: audioOutputDeviceId=-1 usbAudioOutputVidPid=0D8C:0012 volume=25% autoVolume=false
09:44:46.368 playFT8Signal: using USB audio (direct) output
09:44:46.369 playViaUsbAudio: start, VID=0D8C PID=0012 samples=151680 rate=12000
09:44:46.378 playViaUsbAudio: device opened, output activated at 48000 Hz
09:44:46.380 playViaUsbAudio: calling writeAudio playLength=151680 rate=12000
09:44:46.422 UsbAudioDevice: trying libusb native write fd=147 iface=1 alt=1 ep=0x01 maxPkt=200 bytes=2426880 outputRate=48000 ch=2
09:44:46.704 CQ_DEBUG i3=1 n3=6 to=[CQ SES] from=[K8R] extra=[EN90] modifier=[null] msgText=[CQ SES K8R EN90]
09:44:46.707 PskReporterSender: enqueued 2 spots (queue=60)
09:44:46.943 QrzWeb: AK6MH -> https://s3.amazonaws.com/files.qrz.com/static/qrz/qrz_com200x150.jpg
09:44:59.065 UsbAudioDevice: libusb native write OK
09:44:59.066 playViaUsbAudio: writeAudio returned OK
09:44:59.071 serial.send[4]: TX0; | hex: 54 58 30 3B
09:44:59.074 serial.send: write completed OK
09:44:59.821 DECODE: kept=0 ownEcho=1 junk=0 replyToMe=false slot=1
09:45:14.935 DECODE: kept=17 ownEcho=0 junk=0 replyToMe=false slot=0
09:45:14.936 CQ_DEBUG i3=1 n3=3 to=[CQ] from=[W7C] extra=[CN87] modifier=[null] msgText=[CQ W7C CN87]
09:45:14.937 CQ_DEBUG i3=4 n3=1 to=[CQ] from=[W5C/H] extra=[] modifier=[null] msgText=[CQ W5C/H]
09:45:14.937 CQ_DEBUG i3=1 n3=7 to=[CQ] from=[AK6MH] extra=[CM87] modifier=[null] msgText=[CQ AK6MH CM87]
09:45:14.938 CQ_DEBUG i3=1 n3=6 to=[CQ] from=[KF0UR] extra=[DM78] modifier=[null] msgText=[CQ KF0UR DM78]
09:45:14.938 CQ_DEBUG i3=1 n3=6 to=[CQ SES] from=[K8R] extra=[EN90] modifier=[null] msgText=[CQ SES K8R EN90]
09:45:14.940 QSO: cycle slot=1 order=1 newOrder=-1 to=AK6MH noReply=0/0
09:45:14.941 QSO: no-reply 1 (order=1 to=AK6MH)
09:45:14.941 QSO: cycle(deep) slot=1 order=1 newOrder=-1 to=AK6MH noReply=1/0
09:45:15.415 QSO: cycle(deep) slot=1 order=1 newOrder=-1 to=AK6MH noReply=1/0
09:45:15.417 PskReporterSender: enqueued 1 spots (queue=61)
09:45:16.230 QSO: TX slot=1 order=1 msg=[AK6MH K1AF EM28]
09:45:16.233 serial.send[4]: TX1; | hex: 54 58 31 3B
09:45:16.237 serial.send: write completed OK
09:45:16.348 playFT8Signal: TX path branch: audioOutputDeviceId=-1 usbAudioOutputVidPid=0D8C:0012 volume=25% autoVolume=false
09:45:16.350 playFT8Signal: using USB audio (direct) output
09:45:16.351 playViaUsbAudio: start, VID=0D8C PID=0012 samples=151680 rate=12000
09:45:16.364 playViaUsbAudio: device opened, output activated at 48000 Hz
09:45:16.365 playViaUsbAudio: calling writeAudio playLength=151680 rate=12000
09:45:16.395 UsbAudioDevice: trying libusb native write fd=147 iface=1 alt=1 ep=0x01 maxPkt=200 bytes=2426880 outputRate=48000 ch=2
09:45:16.708 PskReporterSender: enqueued 1 spots (queue=62)
09:45:29.038 UsbAudioDevice: libusb native write OK
09:45:29.039 playViaUsbAudio: writeAudio returned OK
09:45:29.043 serial.send[4]: TX0; | hex: 54 58 30 3B
09:45:29.045 serial.send: write completed OK
09:45:29.866 DECODE: kept=0 ownEcho=1 junk=0 replyToMe=false slot=1
09:45:34.934 Pota: spots ok N=21 (filter=FT8)
09:45:44.908 DECODE: kept=14 ownEcho=0 junk=0 replyToMe=false slot=0
09:45:44.909 CQ_DEBUG i3=4 n3=1 to=[CQ] from=[W5C/H] extra=[] modifier=[null] msgText=[CQ W5C/H]
09:45:44.910 QSO: cycle slot=1 order=1 newOrder=-1 to=AK6MH noReply=1/0
09:45:44.911 QSO: no-reply 2 (order=1 to=AK6MH)
09:45:44.911 QSO: cycle(deep) slot=1 order=1 newOrder=-1 to=AK6MH noReply=2/0
09:45:45.390 CQ_DEBUG i3=1 n3=1 to=[CQ DX] from=[KD7YOX] extra=[DM41] modifier=[null] msgText=[CQ DX KD7YOX DM41]
09:45:45.392 QSO: cycle(deep) slot=1 order=1 newOrder=-1 to=AK6MH noReply=2/0
09:45:46.226 QSO: TX slot=1 order=1 msg=[AK6MH K1AF EM28]
09:45:46.229 serial.send[4]: TX1; | hex: 54 58 31 3B
09:45:46.233 serial.send: write completed OK
09:45:46.348 playFT8Signal: TX path branch: audioOutputDeviceId=-1 usbAudioOutputVidPid=0D8C:0012 volume=25% autoVolume=false
09:45:46.349 playFT8Signal: using USB audio (direct) output
09:45:46.350 playViaUsbAudio: start, VID=0D8C PID=0012 samples=151680 rate=12000
09:45:46.360 playViaUsbAudio: device opened, output activated at 48000 Hz
09:45:46.362 playViaUsbAudio: calling writeAudio playLength=151680 rate=12000
09:45:46.441 UsbAudioDevice: trying libusb native write fd=180 iface=1 alt=1 ep=0x01 maxPkt=200 bytes=2426880 outputRate=48000 ch=2
09:45:47.934 UsbAudioDevice: libusb native write OK
09:45:47.936 playViaUsbAudio: writeAudio returned OK
09:45:47.944 serial.send[4]: TX0; | hex: 54 58 30 3B
09:45:47.947 serial.send: write completed OK
09:45:59.906 DECODE: kept=16 ownEcho=0 junk=0 replyToMe=false slot=1
09:45:59.908 CQ_DEBUG i3=1 n3=2 to=[CQ] from=[WD8ASA] extra=[DN54] modifier=[null] msgText=[CQ WD8ASA DN54]
09:45:59.909 CQ_DEBUG i3=1 n3=4 to=[CQ] from=[W9FTR] extra=[EM60] modifier=[null] msgText=[CQ W9FTR EM60]
09:45:59.910 CQ_DEBUG i3=1 n3=5 to=[CQ] from=[VE6KIX] extra=[DO21] modifier=[null] msgText=[CQ VE6KIX DO21]
09:45:59.911 CQ_DEBUG i3=1 n3=3 to=[CQ] from=[KF9UG] extra=[EN71] modifier=[null] msgText=[CQ KF9UG EN71]
09:45:59.912 CQ_DEBUG i3=1 n3=5 to=[CQ] from=[KC5UZI] extra=[EM13] modifier=[null] msgText=[CQ KC5UZI EM13]
09:45:59.913 QSO: skip cycle, newest decode in own slot 1
09:45:59.913 QSO: cycle(deep) slot=1 order=1 newOrder=-1 to=AK6MH noReply=0/0
09:45:59.916 PskReporterSender: enqueued 9 spots (queue=71)
09:46:00.406 QSO: cycle(deep) slot=1 order=1 newOrder=-1 to=AK6MH noReply=0/0
09:46:01.417 QSO: setTransmit to=KF9UG order=1 slot=0
09:46:01.418 QSO: TX slot=0 order=1 msg=[KF9UG K1AF EM28]
09:46:01.423 serial.send[4]: TX1; | hex: 54 58 31 3B
09:46:01.430 serial.send: write completed OK
09:46:01.551 playFT8Signal: TX path branch: audioOutputDeviceId=-1 usbAudioOutputVidPid=0D8C:0012 volume=25% autoVolume=false
09:46:01.555 playFT8Signal: using USB audio (direct) output
09:46:01.556 playViaUsbAudio: start, VID=0D8C PID=0012 samples=151680 rate=12000
09:46:01.567 playViaUsbAudio: device opened, output activated at 48000 Hz
09:46:01.569 playViaUsbAudio: calling writeAudio playLength=151680 rate=12000
09:46:01.590 CQ_DEBUG i3=1 n3=6 to=[CQ] from=[KO6MFA] extra=[CM94] modifier=[null] msgText=[CQ KO6MFA CM94]
09:46:01.591 CQ_DEBUG i3=1 n3=6 to=[CQ] from=[N1MSH] extra=[EN82] modifier=[null] msgText=[CQ N1MSH EN82]
09:46:01.593 PskReporterSender: enqueued 3 spots (queue=74)
09:46:01.598 UsbAudioDevice: trying libusb native write fd=197 iface=1 alt=1 ep=0x01 maxPkt=200 bytes=2426880 outputRate=48000 ch=2
09:46:02.460 QrzWeb: KF9UG -> https://cdn-bio.qrz.com/g/kf9ug/hamshack_cropped2.jpg?p=2993f2eaa81226948cded2cf565fe4af
09:46:14.252 UsbAudioDevice: libusb native write OK
09:46:14.253 playViaUsbAudio: writeAudio returned OK
09:46:14.264 serial.send[4]: TX0; | hex: 54 58 30 3B
09:46:14.271 serial.send: write completed OK
09:46:14.815 DECODE: kept=0 ownEcho=1 junk=0 replyToMe=false slot=0
09:46:17.601 PskReporter: fetch start call=K1AF secondsBack=3600 mode=FT8 byReceiver=false
09:46:18.602 PskReporter: parse: skipped noGrid=0 badGrid=90 badAttr=0
09:46:18.604 PskReporter: fetch ok N=285
09:46:29.885 DECODE: kept=23 ownEcho=0 junk=0 replyToMe=true slot=1
09:46:29.887 CQ_DEBUG i3=1 n3=4 to=[CQ] from=[W9FTR] extra=[EM60] modifier=[null] msgText=[CQ W9FTR EM60]
09:46:29.888 CQ_DEBUG i3=1 n3=5 to=[CQ] from=[KC5UZI] extra=[EM13] modifier=[null] msgText=[CQ KC5UZI EM13]
09:46:29.888 CQ_DEBUG i3=1 n3=2 to=[CQ] from=[VK6KC] extra=[OF78] modifier=[null] msgText=[CQ VK6KC OF78]
09:46:29.889 CQ_DEBUG i3=1 n3=6 to=[CQ] from=[KF0UR] extra=[DM78] modifier=[null] msgText=[CQ KF0UR DM78]
09:46:29.890 CQ_DEBUG i3=1 n3=2 to=[CQ] from=[N4NJJ] extra=[DM26] modifier=[null] msgText=[CQ N4NJJ DM26]
09:46:29.891 QSO: cycle slot=0 order=1 newOrder=2 to=KF9UG noReply=0/0
09:46:29.895 QSO: advance order 1->3 with KF9UG
09:46:29.896 QSO: cycle(deep) slot=0 order=3 newOrder=-1 to=KF9UG noReply=0/0
09:46:29.899 PskReporterSender: enqueued 5 spots (queue=79)
09:46:30.293 CQ_DEBUG i3=1 n3=2 to=[CQ] from=[WA3MH] extra=[FM18] modifier=[null] msgText=[CQ WA3MH FM18]
09:46:30.294 CQ_DEBUG i3=1 n3=6 to=[CQ] from=[KO6MFA] extra=[CM94] modifier=[null] msgText=[CQ KO6MFA CM94]
09:46:30.295 QSO: cycle(deep) slot=0 order=3 newOrder=-1 to=KF9UG noReply=0/0
09:46:30.297 PskReporterSender: enqueued 4 spots (queue=83)
09:46:30.836 PskReporterSender: sent 2 packet(s) with 83 spots
09:46:31.230 QSO: TX slot=0 order=3 msg=[KF9UG K1AF R-15]
09:46:31.231 serial.send[4]: TX1; | hex: 54 58 31 3B
09:46:31.233 serial.send: write completed OK
09:46:31.365 playFT8Signal: TX path branch: audioOutputDeviceId=-1 usbAudioOutputVidPid=0D8C:0012 volume=25% autoVolume=false
09:46:31.367 playFT8Signal: using USB audio (direct) output
09:46:31.368 playViaUsbAudio: start, VID=0D8C PID=0012 samples=151680 rate=12000
09:46:31.380 playViaUsbAudio: device opened, output activated at 48000 Hz
09:46:31.383 playViaUsbAudio: calling writeAudio playLength=151680 rate=12000
09:46:31.423 UsbAudioDevice: trying libusb native write fd=186 iface=1 alt=1 ep=0x01 maxPkt=200 bytes=2426880 outputRate=48000 ch=2
09:46:31.908 CQ_DEBUG i3=1 n3=2 to=[CQ] from=[KO6IHJ] extra=[CM98] modifier=[null] msgText=[CQ KO6IHJ CM98]
09:46:31.910 CQ_DEBUG i3=1 n3=6 to=[CQ] from=[N1MSH] extra=[EN82] modifier=[null] msgText=[CQ N1MSH EN82]
09:46:31.912 PskReporterSender: enqueued 4 spots (queue=4)
09:46:32.935 PskReporterSender: enqueued 2 spots (queue=6)
09:46:35.050 Pota: spots ok N=19 (filter=FT8)
09:46:44.070 UsbAudioDevice: libusb native write OK
09:46:44.073 playViaUsbAudio: writeAudio returned OK
09:46:44.081 serial.send[4]: TX0; | hex: 54 58 30 3B
09:46:44.086 serial.send: write completed OK
09:46:44.829 DECODE: kept=0 ownEcho=1 junk=0 replyToMe=false slot=0
09:46:59.924 DECODE: kept=21 ownEcho=0 junk=0 replyToMe=false slot=1
09:46:59.926 CQ_DEBUG i3=1 n3=5 to=[CQ] from=[KC5UZI] extra=[EM13] modifier=[null] msgText=[CQ KC5UZI EM13]
09:46:59.927 CQ_DEBUG i3=1 n3=2 to=[CQ] from=[VK6KC] extra=[OF78] modifier=[null] msgText=[CQ VK6KC OF78]
09:46:59.928 CQ_DEBUG i3=1 n3=3 to=[CQ] from=[KJ5PTH] extra=[EL39] modifier=[null] msgText=[CQ KJ5PTH EL39]
09:46:59.928 CQ_DEBUG i3=1 n3=2 to=[CQ] from=[N4NJJ] extra=[DM26] modifier=[null] msgText=[CQ N4NJJ DM26]
09:46:59.929 QSO: cycle slot=0 order=3 newOrder=-1 to=KF9UG noReply=0/0
09:46:59.930 QSO: no-reply 1 (order=3 to=KF9UG)
09:46:59.931 QSO: cycle(deep) slot=0 order=3 newOrder=-1 to=KF9UG noReply=1/0
09:46:59.934 PskReporterSender: enqueued 6 spots (queue=12)
09:47:00.299 QSO: cycle(deep) slot=0 order=3 newOrder=4 to=KF9UG noReply=1/0
09:47:00.301 QSO: rx RR73 from KF9UG -> reply 73
09:47:00.302 PskReporterSender: enqueued 3 spots (queue=15)
09:47:01.228 QSO: TX slot=0 order=5 msg=[KF9UG K1AF 73]
09:47:01.232 serial.send[4]: TX1; | hex: 54 58 31 3B
09:47:01.234 serial.send: write completed OK
09:47:01.356 playFT8Signal: TX path branch: audioOutputDeviceId=-1 usbAudioOutputVidPid=0D8C:0012 volume=25% autoVolume=false
09:47:01.357 playFT8Signal: using USB audio (direct) output
09:47:01.357 playViaUsbAudio: start, VID=0D8C PID=0012 samples=151680 rate=12000
09:47:01.363 playViaUsbAudio: device opened, output activated at 48000 Hz
09:47:01.364 playViaUsbAudio: calling writeAudio playLength=151680 rate=12000
09:47:01.393 UsbAudioDevice: trying libusb native write fd=180 iface=1 alt=1 ep=0x01 maxPkt=200 bytes=2426880 outputRate=48000 ch=2
09:47:01.682 CQ_DEBUG i3=1 n3=2 to=[CQ] from=[KO6IHJ] extra=[CM98] modifier=[null] msgText=[CQ KO6IHJ CM98]
09:47:01.683 CQ_DEBUG i3=1 n3=6 to=[CQ] from=[KO6MFA] extra=[CM94] modifier=[null] msgText=[CQ KO6MFA CM94]
09:47:01.684 CQ_DEBUG i3=1 n3=5 to=[CQ] from=[N3GJB] extra=[FM29] modifier=[null] msgText=[CQ N3GJB FM29]
09:47:01.684 CQ_DEBUG i3=1 n3=2 to=[CQ] from=[WA3MH] extra=[FM18] modifier=[null] msgText=[CQ WA3MH FM18]
09:47:01.686 PskReporterSender: enqueued 4 spots (queue=19)
09:47:02.603 CQ_DEBUG i3=1 n3=5 to=[CQ] from=[KE8ZKN] extra=[EN73] modifier=[null] msgText=[CQ KE8ZKN EN73]
09:47:02.604 PskReporterSender: enqueued 2 spots (queue=21)
09:47:14.041 UsbAudioDevice: libusb native write OK
09:47:14.045 playViaUsbAudio: writeAudio returned OK
09:47:14.052 serial.send[4]: TX0; | hex: 54 58 30 3B
09:47:14.054 serial.send: write completed OK
09:47:14.896 DECODE: kept=0 ownEcho=1 junk=0 replyToMe=false slot=0
09:47:15.146 QSO: cycle(deep) slot=0 order=5 newOrder=-1 to=KF9UG noReply=0/0
09:47:15.147 QSO: cycle(deep) slot=0 order=5 newOrder=-1 to=KF9UG noReply=0/0
09:47:15.147 PskReporterSender: enqueued 1 spots (queue=22)
09:47:21.190 QSO: setTransmit to=KO6IHJ order=1 slot=0
09:47:22.249 QrzWeb: KO6IHJ -> https://cdn-bio.qrz.com/j/ko6ihj/IMG_20250528_214244003.jpg?p=adf9a919e4032dd01299fa4d01e8d28c
09:47:29.898 DECODE: kept=20 ownEcho=0 junk=0 replyToMe=false slot=1
09:47:29.900 CQ_DEBUG i3=1 n3=6 to=[CQ] from=[KF8DK] extra=[EN90] modifier=[null] msgText=[CQ KF8DK EN90]
09:47:29.900 CQ_DEBUG i3=1 n3=3 to=[CQ] from=[KF9UG] extra=[EN71] modifier=[null] msgText=[CQ KF9UG EN71]
09:47:29.901 CQ_DEBUG i3=1 n3=5 to=[CQ] from=[KC5UZI] extra=[EM13] modifier=[null] msgText=[CQ KC5UZI EM13]
09:47:29.902 CQ_DEBUG i3=1 n3=7 to=[CQ] from=[VE2OPR] extra=[FN35] modifier=[null] msgText=[CQ VE2OPR FN35]
09:47:29.903 QSO: cycle slot=0 order=1 newOrder=-1 to=KO6IHJ noReply=0/0
09:47:29.904 QSO: no-reply 1 (order=1 to=KO6IHJ)
09:47:29.906 PskReporterSender: enqueued 1 spots (queue=23)
09:47:30.324 CQ_DEBUG i3=1 n3=2 to=[CQ] from=[WA3MH] extra=[FM18] modifier=[null] msgText=[CQ WA3MH FM18]
09:47:30.325 QSO: cycle(deep) slot=0 order=1 newOrder=-1 to=KO6IHJ noReply=1/0
09:47:31.228 QSO: TX slot=0 order=1 msg=[KO6IHJ K1AF EM28]
09:47:31.230 serial.send[4]: TX1; | hex: 54 58 31 3B
09:47:31.232 serial.send: write completed OK
09:47:31.350 playFT8Signal: TX path branch: audioOutputDeviceId=-1 usbAudioOutputVidPid=0D8C:0012 volume=25% autoVolume=false
09:47:31.351 playFT8Signal: using USB audio (direct) output
09:47:31.351 playViaUsbAudio: start, VID=0D8C PID=0012 samples=151680 rate=12000
09:47:31.360 playViaUsbAudio: device opened, output activated at 48000 Hz
09:47:31.364 playViaUsbAudio: calling writeAudio playLength=151680 rate=12000
09:47:31.428 UsbAudioDevice: trying libusb native write fd=167 iface=1 alt=1 ep=0x01 maxPkt=200 bytes=2426880 outputRate=48000 ch=2
09:47:31.778 CQ_DEBUG i3=1 n3=5 to=[CQ] from=[KE8ZKN] extra=[EN73] modifier=[null] msgText=[CQ KE8ZKN EN73]
09:47:31.780 CQ_DEBUG i3=1 n3=6 to=[CQ] from=[KO6MFA] extra=[CM94] modifier=[null] msgText=[CQ KO6MFA CM94]
09:47:31.780 CQ_DEBUG i3=1 n3=2 to=[CQ] from=[KO6IHJ] extra=[CM98] modifier=[null] msgText=[CQ KO6IHJ CM98]
09:47:31.783 PskReporterSender: enqueued 2 spots (queue=25)
09:47:32.817 CQ_DEBUG i3=1 n3=2 to=[CQ] from=[N4NJJ] extra=[DM26] modifier=[null] msgText=[CQ N4NJJ DM26]
09:47:32.820 PskReporterSender: enqueued 1 spots (queue=26)
09:47:33.705 PskReporterSender: enqueued 1 spots (queue=27)
09:47:35.263 Pota: spots ok N=21 (filter=FT8)
09:47:38.542 Pota: polling stopped
09:47:38.543 Pota: polling started (subscribers=1)
09:47:38.603 Pota: spots ok N=21 (filter=FT8)
09:47:41.640 Pota: polling stopped
09:47:41.642 Pota: polling started (subscribers=1)
09:47:41.855 Pota: spots ok N=21 (filter=FT8)
09:47:44.074 UsbAudioDevice: libusb native write OK
09:47:44.076 playViaUsbAudio: writeAudio returned OK
09:47:44.084 serial.send[4]: TX0; | hex: 54 58 30 3B
09:47:44.087 serial.send: write completed OK
09:47:44.807 DECODE: kept=0 ownEcho=1 junk=0 replyToMe=false slot=0
09:47:59.905 DECODE: kept=23 ownEcho=0 junk=0 replyToMe=false slot=1
09:47:59.907 CQ_DEBUG i3=1 n3=3 to=[CQ] from=[KF9UG] extra=[EN71] modifier=[null] msgText=[CQ KF9UG EN71]
09:47:59.908 CQ_DEBUG i3=1 n3=5 to=[CQ] from=[KC5UZI] extra=[EM13] modifier=[null] msgText=[CQ KC5UZI EM13]
09:47:59.908 CQ_DEBUG i3=1 n3=1 to=[CQ] from=[K7FRU] extra=[CN85] modifier=[null] msgText=[CQ K7FRU CN85]
09:47:59.909 CQ_DEBUG i3=1 n3=1 to=[CQ POTA] from=[KD9GXA] extra=[EN61] modifier=[null] msgText=[CQ POTA KD9GXA EN61]
09:47:59.910 QSO: cycle slot=0 order=1 newOrder=-1 to=KO6IHJ noReply=1/0
09:47:59.911 QSO: no-reply 2 (order=1 to=KO6IHJ)
09:47:59.912 QSO: cycle(deep) slot=0 order=1 newOrder=-1 to=KO6IHJ noReply=2/0
09:47:59.914 PskReporterSender: enqueued 5 spots (queue=32)
09:48:00.347 CQ_DEBUG i3=1 n3=7 to=[CQ] from=[VE2OPR] extra=[FN35] modifier=[null] msgText=[CQ VE2OPR FN35]
09:48:00.349 QSO: cycle(deep) slot=0 order=1 newOrder=-1 to=KO6IHJ noReply=2/0
09:48:01.226 QSO: TX slot=0 order=1 msg=[KO6IHJ K1AF EM28]
09:48:01.228 serial.send[4]: TX1; | hex: 54 58 31 3B
09:48:01.231 serial.send: write completed OK
09:48:01.342 playFT8Signal: TX path branch: audioOutputDeviceId=-1 usbAudioOutputVidPid=0D8C:0012 volume=25% autoVolume=false
09:48:01.344 playFT8Signal: using USB audio (direct) output
09:48:01.345 playViaUsbAudio: start, VID=0D8C PID=0012 samples=151680 rate=12000
09:48:01.360 playViaUsbAudio: device opened, output activated at 48000 Hz
09:48:01.362 playViaUsbAudio: calling writeAudio playLength=151680 rate=12000
09:48:01.386 UsbAudioDevice: trying libusb native write fd=169 iface=1 alt=1 ep=0x01 maxPkt=200 bytes=2426880 outputRate=48000 ch=2
09:48:01.719 CQ_DEBUG i3=1 n3=5 to=[CQ] from=[KE8ZKN] extra=[EN73] modifier=[null] msgText=[CQ KE8ZKN EN73]
09:48:01.720 CQ_DEBUG i3=1 n3=2 to=[CQ] from=[KO6IHJ] extra=[CM98] modifier=[null] msgText=[CQ KO6IHJ CM98]
09:48:01.721 CQ_DEBUG i3=1 n3=0 to=[CQ] from=[KE2FUM] extra=[FN20] modifier=[null] msgText=[CQ KE2FUM FN20]
09:48:01.722 PskReporterSender: enqueued 3 spots (queue=35)
09:48:14.030 UsbAudioDevice: libusb native write OK
09:48:14.031 playViaUsbAudio: writeAudio returned OK
09:48:14.035 serial.send[4]: TX0; | hex: 54 58 30 3B
09:48:14.039 serial.send: write completed OK
09:48:14.788 DECODE: kept=0 ownEcho=1 junk=0 replyToMe=false slot=0
09:48:29.874 DECODE: kept=18 ownEcho=0 junk=0 replyToMe=false slot=1
09:48:29.875 CQ_DEBUG i3=1 n3=0 to=[CQ] from=[KE2FUM] extra=[FN20] modifier=[null] msgText=[CQ KE2FUM FN20]
09:48:29.876 QSO: cycle slot=0 order=1 newOrder=-1 to=KO6IHJ noReply=2/0
09:48:29.877 QSO: no-reply 3 (order=1 to=KO6IHJ)
09:48:29.877 QSO: cycle(deep) slot=0 order=1 newOrder=-1 to=KO6IHJ noReply=3/0
09:48:29.879 PskReporterSender: enqueued 3 spots (queue=38)
09:48:30.245 CQ_DEBUG i3=1 n3=2 to=[CQ] from=[N4NJJ] extra=[DM26] modifier=[null] msgText=[CQ N4NJJ DM26]
09:48:30.247 QSO: cycle(deep) slot=0 order=1 newOrder=-1 to=KO6IHJ noReply=3/0
09:48:31.219 QSO: TX slot=0 order=1 msg=[KO6IHJ K1AF EM28]
09:48:31.221 serial.send[4]: TX1; | hex: 54 58 31 3B
09:48:31.223 serial.send: write completed OK
09:48:31.357 playFT8Signal: TX path branch: audioOutputDeviceId=-1 usbAudioOutputVidPid=0D8C:0012 volume=25% autoVolume=false
09:48:31.359 playFT8Signal: using USB audio (direct) output
09:48:31.360 playViaUsbAudio: start, VID=0D8C PID=0012 samples=151680 rate=12000
09:48:31.372 playViaUsbAudio: device opened, output activated at 48000 Hz
09:48:31.377 playViaUsbAudio: calling writeAudio playLength=151680 rate=12000
09:48:31.429 CQ_DEBUG i3=1 n3=5 to=[CQ] from=[KE8ZKN] extra=[EN73] modifier=[null] msgText=[CQ KE8ZKN EN73]
09:48:31.431 PskReporterSender: enqueued 1 spots (queue=39)
09:48:31.452 UsbAudioDevice: trying libusb native write fd=189 iface=1 alt=1 ep=0x01 maxPkt=200 bytes=2426880 outputRate=48000 ch=2
09:48:32.909 UsbAudioDevice: libusb native write OK
09:48:32.910 playViaUsbAudio: writeAudio returned OK
09:48:32.915 serial.send[4]: TX0; | hex: 54 58 30 3B
09:48:32.917 serial.send: write completed OK
09:48:33.987 setOperationBand: sending USB mode, then freq=14080000 in 800ms (controlMode=1)
09:48:33.988 serial.send[5]: MD0C; | hex: 4D 44 30 43 3B
09:48:33.989 serial.send: write completed OK
09:48:33.990 serial.send[12]: NA00;SH0117; | hex: 4E 41 30 30 3B 53 48 30 31 31 37 3B
09:48:33.991 serial.send: write completed OK
09:48:33.991 setUsbModeToRig: mode=DATA-USB, sent NA00;SH0117 (3000Hz)
09:48:34.799 setOperationBand: setting freq=14080000 (rig.getFreq=14074000)
09:48:34.801 serial.send[12]: FA014080000; | hex: 46 41 30 31 34 30 38 30 30 30 30 3B
09:48:34.802 serial.send: write completed OK
09:48:39.700 Pota: polling stopped
09:48:45.453 DECODE: kept=1 ownEcho=0 junk=0 replyToMe=false slot=1
09:48:45.455 QSO: cycle slot=0 order=6 newOrder=-1 to=CQ noReply=0/0
09:48:45.455 QSO: cycle(deep) slot=0 order=6 newOrder=-1 to=CQ noReply=0/0
09:48:45.456 PskReporterSender: enqueued 1 spots (queue=40)
09:48:46.230 QSO: TX slot=0 order=6 msg=[CQ POTA K1AF EM28]
09:48:46.237 serial.send[4]: TX1; | hex: 54 58 31 3B
09:48:46.239 serial.send: write completed OK
09:48:46.361 playFT8Signal: TX path branch: audioOutputDeviceId=-1 usbAudioOutputVidPid=0D8C:0012 volume=25% autoVolume=false
09:48:46.363 playFT8Signal: using USB audio (direct) output
09:48:46.364 playViaUsbAudio: start, VID=0D8C PID=0012 samples=60480 rate=12000
09:48:46.375 playViaUsbAudio: device opened, output activated at 48000 Hz
09:48:46.378 playViaUsbAudio: calling writeAudio playLength=60480 rate=12000
09:48:46.422 UsbAudioDevice: trying libusb native write fd=169 iface=1 alt=1 ep=0x01 maxPkt=200 bytes=967680 outputRate=48000 ch=2
09:48:51.466 UsbAudioDevice: libusb native write OK
09:48:51.468 playViaUsbAudio: writeAudio returned OK
09:48:51.471 serial.send[4]: TX0; | hex: 54 58 30 3B
09:48:51.473 serial.send: write completed OK
09:48:52.748 DECODE: kept=0 ownEcho=1 junk=0 replyToMe=false slot=0
09:49:00.332 DECODE: kept=3 ownEcho=0 junk=0 replyToMe=true slot=1
09:49:00.333 CQ_DEBUG i3=4 n3=1 to=[CQ] from=[W5C/H] extra=[] modifier=[null] msgText=[CQ W5C/H]
09:49:00.334 QSO: cycle slot=0 order=6 newOrder=-1 to=CQ noReply=0/0
09:49:00.335 QSO: setTransmit to=KC4WQ order=2 slot=0
09:49:00.336 PskReporterSender: enqueued 2 spots (queue=42)
09:49:01.227 QSO: TX slot=0 order=2 msg=[KC4WQ K1AF +2]
09:49:01.230 serial.send[4]: TX1; | hex: 54 58 31 3B
09:49:01.235 serial.send: write completed OK
09:49:01.361 playFT8Signal: TX path branch: audioOutputDeviceId=-1 usbAudioOutputVidPid=0D8C:0012 volume=25% autoVolume=false
09:49:01.362 playFT8Signal: using USB audio (direct) output
09:49:01.362 playViaUsbAudio: start, VID=0D8C PID=0012 samples=60480 rate=12000
09:49:01.374 playViaUsbAudio: device opened, output activated at 48000 Hz
09:49:01.375 playViaUsbAudio: calling writeAudio playLength=60480 rate=12000
09:49:01.388 UsbAudioDevice: trying libusb native write fd=167 iface=1 alt=1 ep=0x01 maxPkt=200 bytes=967680 outputRate=48000 ch=2
09:49:06.434 UsbAudioDevice: libusb native write OK
09:49:06.436 playViaUsbAudio: writeAudio returned OK
09:49:06.446 serial.send[4]: TX0; | hex: 54 58 30 3B
09:49:06.447 serial.send: write completed OK
09:49:07.752 DECODE: kept=0 ownEcho=1 junk=0 replyToMe=false slot=0
09:49:15.326 DECODE: kept=3 ownEcho=0 junk=0 replyToMe=true slot=1
09:49:15.327 CQ_DEBUG i3=4 n3=1 to=[CQ] from=[W5C/H] extra=[] modifier=[null] msgText=[CQ W5C/H]
09:49:15.328 QSO: cycle slot=0 order=2 newOrder=3 to=KC4WQ noReply=0/0
09:49:15.330 QSO: advance order 2->4 with KC4WQ
09:49:16.230 QSO: TX slot=0 order=4 msg=[KC4WQ K1AF RR73]
09:49:16.233 serial.send[4]: TX1; | hex: 54 58 31 3B
09:49:16.236 serial.send: write completed OK
09:49:16.351 playFT8Signal: TX path branch: audioOutputDeviceId=-1 usbAudioOutputVidPid=0D8C:0012 volume=30% autoVolume=false
09:49:16.354 playFT8Signal: using USB audio (direct) output
09:49:16.355 playViaUsbAudio: start, VID=0D8C PID=0012 samples=60480 rate=12000
09:49:16.363 playViaUsbAudio: device opened, output activated at 48000 Hz
09:49:16.364 playViaUsbAudio: calling writeAudio playLength=60480 rate=12000
09:49:16.373 UsbAudioDevice: trying libusb native write fd=195 iface=1 alt=1 ep=0x01 maxPkt=200 bytes=967680 outputRate=48000 ch=2
09:49:21.417 UsbAudioDevice: libusb native write OK
09:49:21.420 playViaUsbAudio: writeAudio returned OK
09:49:21.431 serial.send[4]: TX0; | hex: 54 58 30 3B
09:49:21.432 serial.send: write completed OK
09:49:22.809 DECODE: kept=0 ownEcho=1 junk=0 replyToMe=false slot=0
09:49:24.250 Pota: polling started (subscribers=1)
09:49:24.512 Pota: spots ok N=21 (filter=FT8)
09:49:25.138 Pota: polling stopped
09:49:30.290 DECODE: kept=3 ownEcho=0 junk=0 replyToMe=true slot=1
09:49:30.292 CQ_DEBUG i3=4 n3=1 to=[CQ] from=[W5C/H] extra=[] modifier=[null] msgText=[CQ W5C/H]
09:49:30.292 QSO: cycle slot=0 order=4 newOrder=5 to=KC4WQ noReply=0/0
09:49:30.293 QSO: complete with KC4WQ (order=4 newOrder=5) -> reset to CQ
09:49:30.294 QSO: setTransmit to=NW2M order=3 slot=0
09:49:31.225 QSO: TX slot=0 order=3 msg=[NW2M K1AF R+9]
09:49:31.227 serial.send[4]: TX1; | hex: 54 58 31 3B
09:49:31.229 serial.send: write completed OK
09:49:31.336 playFT8Signal: TX path branch: audioOutputDeviceId=-1 usbAudioOutputVidPid=0D8C:0012 volume=30% autoVolume=false
09:49:31.338 playFT8Signal: using USB audio (direct) output
09:49:31.338 playViaUsbAudio: start, VID=0D8C PID=0012 samples=60480 rate=12000
09:49:31.349 playViaUsbAudio: device opened, output activated at 48000 Hz
09:49:31.351 playViaUsbAudio: calling writeAudio playLength=60480 rate=12000
09:49:31.361 UsbAudioDevice: trying libusb native write fd=178 iface=1 alt=1 ep=0x01 maxPkt=200 bytes=967680 outputRate=48000 ch=2
09:49:36.408 UsbAudioDevice: libusb native write OK
09:49:36.410 playViaUsbAudio: writeAudio returned OK
09:49:36.415 serial.send[4]: TX0; | hex: 54 58 30 3B
09:49:36.417 serial.send: write completed OK
09:49:37.769 DECODE: kept=0 ownEcho=1 junk=0 replyToMe=false slot=0
09:49:45.324 DECODE: kept=2 ownEcho=0 junk=0 replyToMe=true slot=1
09:49:45.326 CQ_DEBUG i3=4 n3=1 to=[CQ] from=[W5C/H] extra=[] modifier=[null] msgText=[CQ W5C/H]
09:49:45.327 QSO: cycle slot=0 order=3 newOrder=4 to=NW2M noReply=0/0
09:49:45.328 QSO: rx RR73 from NW2M -> reply 73
09:49:46.230 QSO: TX slot=0 order=5 msg=[NW2M K1AF 73]
09:49:46.234 serial.send[4]: TX1; | hex: 54 58 31 3B
09:49:46.236 serial.send: write completed OK
09:49:46.350 playFT8Signal: TX path branch: audioOutputDeviceId=-1 usbAudioOutputVidPid=0D8C:0012 volume=30% autoVolume=false
09:49:46.351 playFT8Signal: using USB audio (direct) output
09:49:46.352 playViaUsbAudio: start, VID=0D8C PID=0012 samples=60480 rate=12000
09:49:46.359 playViaUsbAudio: device opened, output activated at 48000 Hz
09:49:46.360 playViaUsbAudio: calling writeAudio playLength=60480 rate=12000
09:49:46.370 UsbAudioDevice: trying libusb native write fd=167 iface=1 alt=1 ep=0x01 maxPkt=200 bytes=967680 outputRate=48000 ch=2
09:49:51.412 UsbAudioDevice: libusb native write OK
09:49:51.412 playViaUsbAudio: writeAudio returned OK
09:49:51.421 serial.send[4]: TX0; | hex: 54 58 30 3B
09:49:51.424 serial.send: write completed OK
09:49:52.750 DECODE: kept=0 ownEcho=1 junk=0 replyToMe=false slot=0
09:50:00.328 DECODE: kept=2 ownEcho=0 junk=0 replyToMe=false slot=1
09:50:00.330 CQ_DEBUG i3=4 n3=1 to=[CQ] from=[W5C/H] extra=[] modifier=[null] msgText=[CQ W5C/H]
09:50:00.331 QSO: cycle slot=0 order=5 newOrder=-1 to=NW2M noReply=0/0
09:50:00.331 QSO: complete with NW2M (order=5 newOrder=-1) -> reset to CQ
09:50:01.229 QSO: TX slot=0 order=6 msg=[CQ POTA K1AF EM28]
09:50:01.230 serial.send[4]: TX1; | hex: 54 58 31 3B
09:50:01.232 serial.send: write completed OK
09:50:01.348 playFT8Signal: TX path branch: audioOutputDeviceId=-1 usbAudioOutputVidPid=0D8C:0012 volume=30% autoVolume=false
09:50:01.351 playFT8Signal: using USB audio (direct) output
09:50:01.353 playViaUsbAudio: start, VID=0D8C PID=0012 samples=60480 rate=12000
09:50:01.360 playViaUsbAudio: device opened, output activated at 48000 Hz
09:50:01.361 playViaUsbAudio: calling writeAudio playLength=60480 rate=12000
09:50:01.372 UsbAudioDevice: trying libusb native write fd=152 iface=1 alt=1 ep=0x01 maxPkt=200 bytes=967680 outputRate=48000 ch=2
09:50:06.416 UsbAudioDevice: libusb native write OK
09:50:06.417 playViaUsbAudio: writeAudio returned OK
09:50:06.424 serial.send[4]: TX0; | hex: 54 58 30 3B
09:50:06.426 serial.send: write completed OK
09:50:07.757 DECODE: kept=0 ownEcho=1 junk=0 replyToMe=false slot=0
09:50:15.337 DECODE: kept=2 ownEcho=0 junk=0 replyToMe=false slot=1
09:50:15.338 CQ_DEBUG i3=4 n3=1 to=[CQ] from=[W5C/H] extra=[] modifier=[null] msgText=[CQ W5C/H]
09:50:15.339 QSO: cycle slot=0 order=6 newOrder=-1 to=CQ noReply=0/0
09:50:16.230 QSO: TX slot=0 order=6 msg=[CQ POTA K1AF EM28]
09:50:16.232 serial.send[4]: TX1; | hex: 54 58 31 3B
09:50:16.233 serial.send: write completed OK
09:50:16.347 playFT8Signal: TX path branch: audioOutputDeviceId=-1 usbAudioOutputVidPid=0D8C:0012 volume=30% autoVolume=false
09:50:16.348 playFT8Signal: using USB audio (direct) output
09:50:16.349 playViaUsbAudio: start, VID=0D8C PID=0012 samples=60480 rate=12000
09:50:16.362 playViaUsbAudio: device opened, output activated at 48000 Hz
09:50:16.364 playViaUsbAudio: calling writeAudio playLength=60480 rate=12000
09:50:16.374 UsbAudioDevice: trying libusb native write fd=157 iface=1 alt=1 ep=0x01 maxPkt=200 bytes=967680 outputRate=48000 ch=2
09:50:21.419 UsbAudioDevice: libusb native write OK
09:50:21.420 playViaUsbAudio: writeAudio returned OK
09:50:21.430 serial.send[4]: TX0; | hex: 54 58 30 3B
09:50:21.432 serial.send: write completed OK
09:50:22.757 DECODE: kept=0 ownEcho=1 junk=0 replyToMe=false slot=0
09:50:30.286 DECODE: kept=1 ownEcho=0 junk=0 replyToMe=false slot=1
09:50:30.288 CQ_DEBUG i3=4 n3=1 to=[CQ] from=[W5C/H] extra=[] modifier=[null] msgText=[CQ W5C/H]
09:50:30.289 QSO: cycle slot=0 order=6 newOrder=-1 to=CQ noReply=0/0
09:50:31.227 QSO: TX slot=0 order=6 msg=[CQ POTA K1AF EM28]
09:50:31.230 serial.send[4]: TX1; | hex: 54 58 31 3B
09:50:31.231 serial.send: write completed OK
09:50:31.339 playFT8Signal: TX path branch: audioOutputDeviceId=-1 usbAudioOutputVidPid=0D8C:0012 volume=30% autoVolume=false
09:50:31.341 playFT8Signal: using USB audio (direct) output
09:50:31.341 playViaUsbAudio: start, VID=0D8C PID=0012 samples=60480 rate=12000
09:50:31.347 playViaUsbAudio: device opened, output activated at 48000 Hz
09:50:31.348 playViaUsbAudio: calling writeAudio playLength=60480 rate=12000
09:50:31.357 UsbAudioDevice: trying libusb native write fd=152 iface=1 alt=1 ep=0x01 maxPkt=200 bytes=967680 outputRate=48000 ch=2
09:50:33.434 Pota: polling started (subscribers=1)
09:50:33.601 Pota: spots ok N=20 (filter=FT8)
09:50:36.400 UsbAudioDevice: libusb native write OK
09:50:36.402 playViaUsbAudio: writeAudio returned OK
09:50:36.407 serial.send[4]: TX0; | hex: 54 58 30 3B
09:50:36.408 serial.send: write completed OK
09:50:37.765 DECODE: kept=0 ownEcho=1 junk=0 replyToMe=false slot=0
09:50:45.348 DECODE: kept=1 ownEcho=0 junk=0 replyToMe=false slot=1
09:50:45.349 CQ_DEBUG i3=4 n3=1 to=[CQ] from=[W5C/H] extra=[] modifier=[null] msgText=[CQ W5C/H]
09:50:45.350 QSO: cycle slot=0 order=6 newOrder=-1 to=CQ noReply=0/0
09:50:46.152 QSO: setTransmit to=W5C/H order=1 slot=0
09:50:46.225 QSO: TX slot=0 order=1 msg=[W5C/H K1AF EM28]
09:50:46.229 serial.send[4]: TX1; | hex: 54 58 31 3B
09:50:46.232 serial.send: write completed OK
09:50:46.349 playFT8Signal: TX path branch: audioOutputDeviceId=-1 usbAudioOutputVidPid=0D8C:0012 volume=30% autoVolume=false
09:50:46.350 playFT8Signal: using USB audio (direct) output
09:50:46.352 playViaUsbAudio: start, VID=0D8C PID=0012 samples=60480 rate=12000
09:50:46.360 playViaUsbAudio: device opened, output activated at 48000 Hz
09:50:46.361 playViaUsbAudio: calling writeAudio playLength=60480 rate=12000
09:50:46.373 UsbAudioDevice: trying libusb native write fd=152 iface=1 alt=1 ep=0x01 maxPkt=200 bytes=967680 outputRate=48000 ch=2
09:50:47.115 QrzWeb: http 404 from QRZ for https://www.qrz.com/db/W5C%2FH
09:50:47.120 QrzXml: lookup(W5C/H) skipped: no creds
09:50:51.417 UsbAudioDevice: libusb native write OK
09:50:51.429 playViaUsbAudio: writeAudio returned OK
09:50:51.439 serial.send[4]: TX0; | hex: 54 58 30 3B
09:50:51.445 serial.send: write completed OK
09:50:52.762 DECODE: kept=0 ownEcho=1 junk=0 replyToMe=false slot=0
09:51:01.236 QSO: TX slot=0 order=1 msg=[W5C/H K1AF EM28]
09:51:01.238 serial.send[4]: TX1; | hex: 54 58 31 3B
09:51:01.243 serial.send: write completed OK
09:51:01.376 playFT8Signal: TX path branch: audioOutputDeviceId=-1 usbAudioOutputVidPid=0D8C:0012 volume=30% autoVolume=false
09:51:01.378 playFT8Signal: using USB audio (direct) output
09:51:01.379 playViaUsbAudio: start, VID=0D8C PID=0012 samples=60480 rate=12000
09:51:01.388 playViaUsbAudio: device opened, output activated at 48000 Hz
09:51:01.390 playViaUsbAudio: calling writeAudio playLength=60480 rate=12000
09:51:01.403 UsbAudioDevice: trying libusb native write fd=152 iface=1 alt=1 ep=0x01 maxPkt=200 bytes=967680 outputRate=48000 ch=2
09:51:06.450 UsbAudioDevice: libusb native write OK
09:51:06.452 playViaUsbAudio: writeAudio returned OK
09:51:06.456 serial.send[4]: TX0; | hex: 54 58 30 3B
09:51:06.458 serial.send: write completed OK
09:51:07.755 DECODE: kept=0 ownEcho=1 junk=0 replyToMe=false slot=0
09:51:15.281 DECODE: kept=2 ownEcho=0 junk=0 replyToMe=true slot=1
09:51:15.283 QSO: cycle slot=0 order=1 newOrder=2 to=W5C/H noReply=0/0
09:51:15.284 QSO: advance order 1->3 with W5C/H
09:51:16.234 QSO: TX slot=0 order=3 msg=[W5C/H K1AF R-7]
09:51:16.238 serial.send[4]: TX1; | hex: 54 58 31 3B
09:51:16.242 serial.send: write completed OK
09:51:16.370 playFT8Signal: TX path branch: audioOutputDeviceId=-1 usbAudioOutputVidPid=0D8C:0012 volume=30% autoVolume=false
09:51:16.373 playFT8Signal: using USB audio (direct) output
09:51:16.374 playViaUsbAudio: start, VID=0D8C PID=0012 samples=60480 rate=12000
09:51:16.384 playViaUsbAudio: device opened, output activated at 48000 Hz
09:51:16.387 playViaUsbAudio: calling writeAudio playLength=60480 rate=12000
09:51:16.431 UsbAudioDevice: trying libusb native write fd=167 iface=1 alt=1 ep=0x01 maxPkt=200 bytes=967680 outputRate=48000 ch=2
09:51:18.648 PskReporter: fetch start call=K1AF secondsBack=3600 mode=FT4 byReceiver=false
09:51:19.550 PskReporter: parse: skipped noGrid=0 badGrid=21 badAttr=0
09:51:19.551 PskReporter: fetch ok N=27
09:51:21.477 UsbAudioDevice: libusb native write OK
09:51:21.478 playViaUsbAudio: writeAudio returned OK
09:51:21.483 serial.send[4]: TX0; | hex: 54 58 30 3B
09:51:21.487 serial.send: write completed OK
09:51:22.771 DECODE: kept=0 ownEcho=1 junk=0 replyToMe=false slot=0
09:51:30.280 DECODE: kept=2 ownEcho=0 junk=0 replyToMe=true slot=1
09:51:30.282 QSO: cycle slot=0 order=3 newOrder=2 to=W5C/H noReply=0/0
09:51:30.283 QSO: advance order 3->3 with W5C/H
09:51:31.238 QSO: TX slot=0 order=3 msg=[W5C/H K1AF R-7]
09:51:31.248 serial.send[4]: TX1; | hex: 54 58 31 3B
09:51:31.252 serial.send: write completed OK
09:51:31.360 playFT8Signal: TX path branch: audioOutputDeviceId=-1 usbAudioOutputVidPid=0D8C:0012 volume=30% autoVolume=false
09:51:31.363 playFT8Signal: using USB audio (direct) output
09:51:31.363 playViaUsbAudio: start, VID=0D8C PID=0012 samples=60480 rate=12000
09:51:31.372 playViaUsbAudio: device opened, output activated at 48000 Hz
09:51:31.376 playViaUsbAudio: calling writeAudio playLength=60480 rate=12000
09:51:31.418 UsbAudioDevice: trying libusb native write fd=150 iface=1 alt=1 ep=0x01 maxPkt=200 bytes=967680 outputRate=48000 ch=2
09:51:33.856 Pota: spots ok N=21 (filter=FT8)
09:51:36.462 UsbAudioDevice: libusb native write OK
09:51:36.468 playViaUsbAudio: writeAudio returned OK
09:51:36.481 serial.send[4]: TX0; | hex: 54 58 30 3B
09:51:36.494 serial.send: write completed OK
09:51:37.750 DECODE: kept=0 ownEcho=1 junk=0 replyToMe=false slot=0
09:51:45.338 DECODE: kept=1 ownEcho=0 junk=0 replyToMe=false slot=1
09:51:45.340 QSO: cycle slot=0 order=3 newOrder=-1 to=W5C/H noReply=0/0
09:51:45.341 QSO: no-reply 1 (order=3 to=W5C/H)
09:51:46.234 QSO: TX slot=0 order=3 msg=[W5C/H K1AF R-7]
09:51:46.237 serial.send[4]: TX1; | hex: 54 58 31 3B
09:51:46.239 serial.send: write completed OK
09:51:46.347 playFT8Signal: TX path branch: audioOutputDeviceId=-1 usbAudioOutputVidPid=0D8C:0012 volume=30% autoVolume=false
09:51:46.348 playFT8Signal: using USB audio (direct) output
09:51:46.348 playViaUsbAudio: start, VID=0D8C PID=0012 samples=60480 rate=12000
09:51:46.359 playViaUsbAudio: device opened, output activated at 48000 Hz
09:51:46.360 playViaUsbAudio: calling writeAudio playLength=60480 rate=12000
09:51:46.371 UsbAudioDevice: trying libusb native write fd=155 iface=1 alt=1 ep=0x01 maxPkt=200 bytes=967680 outputRate=48000 ch=2
09:51:51.417 UsbAudioDevice: libusb native write OK
09:51:51.418 playViaUsbAudio: writeAudio returned OK
09:51:51.423 serial.send[4]: TX0; | hex: 54 58 30 3B
09:51:51.425 serial.send: write completed OK
09:51:52.780 DECODE: kept=0 ownEcho=1 junk=0 replyToMe=false slot=0
09:51:56.647 PskReporterSender: sent 1 packet(s) with 42 spots
09:51:57.269 Pota: polling stopped
09:51:57.270 Pota: polling started (subscribers=1)
09:51:57.326 Pota: spots ok N=21 (filter=FT8)
09:51:58.734 Pota: polling stopped
09:52:00.294 DECODE: kept=2 ownEcho=0 junk=0 replyToMe=false slot=1
09:52:00.295 CQ_DEBUG i3=4 n3=1 to=[CQ] from=[W5C/H] extra=[] modifier=[null] msgText=[CQ W5C/H]
09:52:00.295 QSO: cycle slot=0 order=3 newOrder=-1 to=W5C/H noReply=1/0
09:52:00.296 QSO: no-reply 2 (order=3 to=W5C/H)
09:52:01.233 QSO: TX slot=0 order=3 msg=[W5C/H K1AF R-7]
09:52:01.236 serial.send[4]: TX1; | hex: 54 58 31 3B
09:52:01.239 serial.send: write completed OK
09:52:01.344 playFT8Signal: TX path branch: audioOutputDeviceId=-1 usbAudioOutputVidPid=0D8C:0012 volume=30% autoVolume=false
09:52:01.345 playFT8Signal: using USB audio (direct) output
09:52:01.352 playViaUsbAudio: start, VID=0D8C PID=0012 samples=60480 rate=12000
09:52:01.363 playViaUsbAudio: device opened, output activated at 48000 Hz
09:52:01.369 playViaUsbAudio: calling writeAudio playLength=60480 rate=12000
09:52:01.382 UsbAudioDevice: trying libusb native write fd=150 iface=1 alt=1 ep=0x01 maxPkt=200 bytes=967680 outputRate=48000 ch=2
09:52:03.548 UsbAudioDevice: libusb native write OK
09:52:03.549 playViaUsbAudio: writeAudio returned OK
09:52:03.555 serial.send[4]: TX0; | hex: 54 58 30 3B
09:52:03.556 serial.send: write completed OK
09:52:09.767 bandSelect: index=44, band=18104000, controlMode=1, rigConnected=true
09:52:09.768 setOperationBand: sending USB mode, then freq=18104000 in 800ms (controlMode=1)
09:52:09.768 serial.send[5]: MD0C; | hex: 4D 44 30 43 3B
09:52:09.769 serial.send: write completed OK
09:52:09.770 serial.send[12]: NA00;SH0117; | hex: 4E 41 30 30 3B 53 48 30 31 31 37 3B
09:52:09.770 serial.send: write completed OK
09:52:09.771 setUsbModeToRig: mode=DATA-USB, sent NA00;SH0117 (3000Hz)
09:52:10.573 setOperationBand: setting freq=18104000 (rig.getFreq=14080000)
09:52:10.575 serial.send[12]: FA018104000; | hex: 46 41 30 31 38 31 30 34 30 30 30 3B
09:52:10.576 serial.send: write completed OK
09:52:18.730 setOperationBand: sending USB mode, then freq=18108000 in 800ms (controlMode=1)
09:52:18.732 serial.send[5]: MD0C; | hex: 4D 44 30 43 3B
09:52:18.733 serial.send: write completed OK
09:52:18.733 serial.send[12]: NA00;SH0117; | hex: 4E 41 30 30 3B 53 48 30 31 31 37 3B
09:52:18.734 serial.send: write completed OK
09:52:18.735 setUsbModeToRig: mode=DATA-USB, sent NA00;SH0117 (3000Hz)
09:52:19.555 setOperationBand: setting freq=18108000 (rig.getFreq=18104000)
09:52:19.557 serial.send[12]: FA018108000; | hex: 46 41 30 31 38 31 30 38 30 30 30 3B
09:52:19.558 serial.send: write completed OK
09:52:20.685 setOperationBand: sending USB mode, then freq=18100000 in 800ms (controlMode=1)
09:52:20.686 serial.send[5]: MD0C; | hex: 4D 44 30 43 3B
09:52:20.687 serial.send: write completed OK
09:52:20.688 serial.send[12]: NA00;SH0117; | hex: 4E 41 30 30 3B 53 48 30 31 31 37 3B
09:52:20.688 serial.send: write completed OK
09:52:20.689 setUsbModeToRig: mode=DATA-USB, sent NA00;SH0117 (3000Hz)
09:52:21.497 setOperationBand: setting freq=18100000 (rig.getFreq=18108000)
09:52:21.498 serial.send[12]: FA018100000; | hex: 46 41 30 31 38 31 30 30 30 30 30 3B
09:52:21.499 serial.send: write completed OK
09:52:31.235 QSO: TX slot=0 order=6 msg=[CQ POTA K1AF EM28]
09:52:31.238 serial.send[4]: TX1; | hex: 54 58 31 3B
09:52:31.240 serial.send: write completed OK
09:52:31.348 playFT8Signal: TX path branch: audioOutputDeviceId=-1 usbAudioOutputVidPid=0D8C:0012 volume=30% autoVolume=false
09:52:31.349 playFT8Signal: using USB audio (direct) output
09:52:31.350 playViaUsbAudio: start, VID=0D8C PID=0012 samples=151680 rate=12000
09:52:31.361 playViaUsbAudio: device opened, output activated at 48000 Hz
09:52:31.362 playViaUsbAudio: calling writeAudio playLength=151680 rate=12000
09:52:31.389 UsbAudioDevice: trying libusb native write fd=150 iface=1 alt=1 ep=0x01 maxPkt=200 bytes=2426880 outputRate=48000 ch=2
09:52:44.040 UsbAudioDevice: libusb native write OK
09:52:44.043 playViaUsbAudio: writeAudio returned OK
09:52:44.047 serial.send[4]: TX0; | hex: 54 58 30 3B
09:52:44.048 serial.send: write completed OK
09:52:44.806 DECODE: kept=0 ownEcho=1 junk=0 replyToMe=false slot=0
09:52:59.903 DECODE: kept=15 ownEcho=0 junk=0 replyToMe=true slot=1
09:52:59.904 CQ_DEBUG i3=1 n3=0 to=[CQ] from=[F4DIA] extra=[JN36] modifier=[null] msgText=[CQ F4DIA JN36]
09:52:59.905 CQ_DEBUG i3=1 n3=7 to=[CQ] from=[N4ZSA] extra=[EM95] modifier=[null] msgText=[CQ N4ZSA EM95]
09:52:59.906 QSO: cycle slot=0 order=6 newOrder=-1 to=CQ noReply=0/0
09:52:59.908 PskReporterSender: enqueued 15 spots (queue=15)
09:53:00.311 QSO: cycle(deep) slot=0 order=6 newOrder=-1 to=CQ noReply=0/0
09:53:00.312 PskReporterSender: enqueued 1 spots (queue=16)
09:53:01.237 QSO: TX slot=0 order=6 msg=[CQ POTA K1AF EM28]
09:53:01.238 serial.send[4]: TX1; | hex: 54 58 31 3B
09:53:01.239 serial.send: write completed OK
09:53:01.351 playFT8Signal: TX path branch: audioOutputDeviceId=-1 usbAudioOutputVidPid=0D8C:0012 volume=30% autoVolume=false
09:53:01.352 playFT8Signal: using USB audio (direct) output
09:53:01.353 playViaUsbAudio: start, VID=0D8C PID=0012 samples=151680 rate=12000
09:53:01.367 playViaUsbAudio: device opened, output activated at 48000 Hz
09:53:01.368 playViaUsbAudio: calling writeAudio playLength=151680 rate=12000
09:53:01.374 PskReporterSender: enqueued 2 spots (queue=18)
09:53:01.464 UsbAudioDevice: trying libusb native write fd=152 iface=1 alt=1 ep=0x01 maxPkt=200 bytes=2426880 outputRate=48000 ch=2
09:53:14.113 UsbAudioDevice: libusb native write OK
09:53:14.114 playViaUsbAudio: writeAudio returned OK
09:53:14.118 serial.send[4]: TX0; | hex: 54 58 30 3B
09:53:14.120 serial.send: write completed OK
09:53:14.815 DECODE: kept=0 ownEcho=1 junk=0 replyToMe=false slot=0
09:53:29.926 DECODE: kept=13 ownEcho=0 junk=0 replyToMe=true slot=1
09:53:29.927 CQ_DEBUG i3=1 n3=7 to=[CQ] from=[N4ZSA] extra=[EM95] modifier=[null] msgText=[CQ N4ZSA EM95]
09:53:29.928 CQ_DEBUG i3=1 n3=7 to=[CQ] from=[UN0GY] extra=[MN83] modifier=[null] msgText=[CQ UN0GY MN83]
09:53:29.929 QSO: cycle slot=0 order=6 newOrder=-1 to=CQ noReply=0/0
09:53:29.930 QSO: setTransmit to=F6BIA order=2 slot=0
09:53:29.931 QSO: cycle(deep) slot=0 order=2 newOrder=-1 to=F6BIA noReply=0/0
09:53:29.933 PskReporterSender: enqueued 2 spots (queue=20)
09:53:30.365 QSO: cycle(deep) slot=0 order=2 newOrder=-1 to=F6BIA noReply=0/0
09:53:30.367 PskReporterSender: enqueued 2 spots (queue=22)
09:53:31.244 QSO: TX slot=0 order=2 msg=[F6BIA K1AF -9]
09:53:31.248 serial.send[4]: TX1; | hex: 54 58 31 3B
09:53:31.251 serial.send: write completed OK
09:53:31.367 playFT8Signal: TX path branch: audioOutputDeviceId=-1 usbAudioOutputVidPid=0D8C:0012 volume=30% autoVolume=false
09:53:31.368 playFT8Signal: using USB audio (direct) output
09:53:31.368 playViaUsbAudio: start, VID=0D8C PID=0012 samples=151680 rate=12000
09:53:31.380 playViaUsbAudio: device opened, output activated at 48000 Hz
09:53:31.383 playViaUsbAudio: calling writeAudio playLength=151680 rate=12000
09:53:31.450 UsbAudioDevice: trying libusb native write fd=150 iface=1 alt=1 ep=0x01 maxPkt=200 bytes=2426880 outputRate=48000 ch=2
09:53:44.095 UsbAudioDevice: libusb native write OK
09:53:44.096 playViaUsbAudio: writeAudio returned OK
09:53:44.099 serial.send[4]: TX0; | hex: 54 58 30 3B
09:53:44.104 serial.send: write completed OK
09:53:44.811 DECODE: kept=0 ownEcho=1 junk=0 replyToMe=false slot=0
09:53:46.640 QSO: cycle(deep) slot=0 order=2 newOrder=-1 to=F6BIA noReply=0/0
09:53:46.642 QSO: cycle(deep) slot=0 order=2 newOrder=-1 to=F6BIA noReply=0/0
09:53:46.643 PskReporterSender: enqueued 1 spots (queue=23)
09:53:59.886 DECODE: kept=17 ownEcho=0 junk=0 replyToMe=false slot=1
09:53:59.888 CQ_DEBUG i3=1 n3=7 to=[CQ] from=[N4ZSA] extra=[EM95] modifier=[null] msgText=[CQ N4ZSA EM95]
09:53:59.889 CQ_DEBUG i3=1 n3=4 to=[CQ] from=[OM3DX] extra=[KN08] modifier=[null] msgText=[CQ OM3DX KN08]
09:53:59.889 CQ_DEBUG i3=1 n3=7 to=[CQ] from=[UN0GY] extra=[MN83] modifier=[null] msgText=[CQ UN0GY MN83]
09:53:59.890 QSO: cycle slot=0 order=2 newOrder=-1 to=F6BIA noReply=0/0
09:53:59.891 QSO: no-reply 1 (order=2 to=F6BIA)
09:53:59.893 PskReporterSender: enqueued 6 spots (queue=29)
09:54:00.271 QSO: cycle(deep) slot=0 order=2 newOrder=-1 to=F6BIA noReply=1/0
09:54:00.273 PskReporterSender: enqueued 1 spots (queue=30)
09:54:01.237 QSO: TX slot=0 order=2 msg=[F6BIA K1AF -9]
09:54:01.239 serial.send[4]: TX1; | hex: 54 58 31 3B
09:54:01.246 serial.send: write completed OK
09:54:01.372 playFT8Signal: TX path branch: audioOutputDeviceId=-1 usbAudioOutputVidPid=0D8C:0012 volume=30% autoVolume=false
09:54:01.374 playFT8Signal: using USB audio (direct) output
09:54:01.374 playViaUsbAudio: start, VID=0D8C PID=0012 samples=151680 rate=12000
09:54:01.385 playViaUsbAudio: device opened, output activated at 48000 Hz
09:54:01.387 playViaUsbAudio: calling writeAudio playLength=151680 rate=12000
09:54:01.410 UsbAudioDevice: trying libusb native write fd=152 iface=1 alt=1 ep=0x01 maxPkt=200 bytes=2426880 outputRate=48000 ch=2
09:54:14.053 UsbAudioDevice: libusb native write OK
09:54:14.054 playViaUsbAudio: writeAudio returned OK
09:54:14.062 serial.send[4]: TX0; | hex: 54 58 30 3B
09:54:14.064 serial.send: write completed OK
09:54:14.817 DECODE: kept=0 ownEcho=1 junk=0 replyToMe=false slot=0
09:54:16.664 QSO: cycle(deep) slot=0 order=2 newOrder=-1 to=F6BIA noReply=1/0
09:54:16.666 QSO: cycle(deep) slot=0 order=2 newOrder=-1 to=F6BIA noReply=1/0
09:54:16.667 QSO: enqueue caller F5MXH (queue size 1)
09:54:16.668 PskReporterSender: enqueued 1 spots (queue=31)
09:54:29.901 DECODE: kept=16 ownEcho=0 junk=0 replyToMe=true slot=1
09:54:29.903 CQ_DEBUG i3=1 n3=7 to=[CQ] from=[N4ZSA] extra=[EM95] modifier=[null] msgText=[CQ N4ZSA EM95]
09:54:29.903 CQ_DEBUG i3=1 n3=0 to=[CQ] from=[F4DIA] extra=[JN36] modifier=[null] msgText=[CQ F4DIA JN36]
09:54:29.904 QSO: cycle slot=0 order=2 newOrder=-1 to=F6BIA noReply=1/0
09:54:29.905 QSO: no-reply 2 (order=2 to=F6BIA)
09:54:31.243 QSO: TX slot=0 order=2 msg=[F6BIA K1AF -9]
09:54:31.249 serial.send[4]: TX1; | hex: 54 58 31 3B
09:54:31.250 serial.send: write completed OK
09:54:31.391 playFT8Signal: TX path branch: audioOutputDeviceId=-1 usbAudioOutputVidPid=0D8C:0012 volume=30% autoVolume=false
09:54:31.393 playFT8Signal: using USB audio (direct) output
09:54:31.394 playViaUsbAudio: start, VID=0D8C PID=0012 samples=151680 rate=12000
09:54:31.404 playViaUsbAudio: device opened, output activated at 48000 Hz
09:54:31.405 playViaUsbAudio: calling writeAudio playLength=151680 rate=12000
09:54:31.432 UsbAudioDevice: trying libusb native write fd=150 iface=1 alt=1 ep=0x01 maxPkt=200 bytes=2426880 outputRate=48000 ch=2
09:54:35.129 UsbAudioDevice: libusb native write OK
09:54:35.131 playViaUsbAudio: writeAudio returned OK
09:54:35.135 serial.send[4]: TX0; | hex: 54 58 30 3B
09:54:35.141 serial.send: write completed OK
09:54:38.252 Pota: polling started (subscribers=1)
09:54:38.591 Pota: spots ok N=23 (filter=FT8)
09:54:44.003 QSO: setTransmit to=F5MXH order=2 slot=0
09:54:44.898 DECODE: kept=7 ownEcho=0 junk=0 replyToMe=false slot=0
09:54:44.900 CQ_DEBUG i3=1 n3=2 to=[CQ] from=[WA2ELL] extra=[FN14] modifier=[null] msgText=[CQ WA2ELL FN14]
09:54:44.900 CQ_DEBUG i3=1 n3=3 to=[CQ] from=[W2DXD] extra=[DM43] modifier=[null] msgText=[CQ W2DXD DM43]
09:54:44.901 QSO: skip cycle, newest decode in own slot 0
09:54:44.901 QSO: cycle(deep) slot=0 order=2 newOrder=-1 to=F5MXH noReply=0/0
09:54:44.904 PskReporterSender: enqueued 7 spots (queue=38)
09:54:45.309 QrzWeb: F5MXH -> https://cdn-bio.qrz.com/h/f5mxh/2020_04_30_21_48_18.jpg?p=7a5980d5d0c3ba3014f7348c3d8129d2
09:54:59.883 DECODE: kept=14 ownEcho=0 junk=0 replyToMe=true slot=1
09:54:59.885 CQ_DEBUG i3=1 n3=7 to=[CQ] from=[VE3LWY] extra=[FN03] modifier=[null] msgText=[CQ VE3LWY FN03]
09:54:59.886 CQ_DEBUG i3=1 n3=0 to=[CQ] from=[F4DIA] extra=[JN36] modifier=[null] msgText=[CQ F4DIA JN36]
09:54:59.886 CQ_DEBUG i3=1 n3=5 to=[CQ] from=[KM6BYW] extra=[DM13] modifier=[null] msgText=[CQ KM6BYW DM13]
09:54:59.888 QSO: cycle slot=0 order=2 newOrder=1 to=F5MXH noReply=0/0
09:54:59.888 QSO: advance order 2->2 with F5MXH
09:54:59.890 PskReporterSender: enqueued 3 spots (queue=41)
09:55:00.319 QSO: cycle(deep) slot=0 order=2 newOrder=-1 to=F5MXH noReply=0/0
09:55:01.239 QSO: TX slot=0 order=2 msg=[F5MXH K1AF -10]
09:55:01.243 serial.send[4]: TX1; | hex: 54 58 31 3B
09:55:01.246 serial.send: write completed OK
09:55:01.321 PskReporterSender: enqueued 2 spots (queue=43)
09:55:01.362 playFT8Signal: TX path branch: audioOutputDeviceId=-1 usbAudioOutputVidPid=0D8C:0012 volume=30% autoVolume=false
09:55:01.364 playFT8Signal: using USB audio (direct) output
09:55:01.367 playViaUsbAudio: start, VID=0D8C PID=0012 samples=151680 rate=12000
09:55:01.383 playViaUsbAudio: device opened, output activated at 48000 Hz
09:55:01.385 playViaUsbAudio: calling writeAudio playLength=151680 rate=12000
09:55:01.467 UsbAudioDevice: trying libusb native write fd=156 iface=1 alt=1 ep=0x01 maxPkt=200 bytes=2426880 outputRate=48000 ch=2
09:55:14.114 UsbAudioDevice: libusb native write OK
09:55:14.116 playViaUsbAudio: writeAudio returned OK
09:55:14.119 serial.send[4]: TX0; | hex: 54 58 30 3B
09:55:14.123 serial.send: write completed OK
09:55:14.899 DECODE: kept=0 ownEcho=1 junk=0 replyToMe=false slot=0
09:55:29.888 DECODE: kept=11 ownEcho=0 junk=0 replyToMe=false slot=1
09:55:29.889 CQ_DEBUG i3=1 n3=7 to=[CQ] from=[VE3LWY] extra=[FN03] modifier=[null] msgText=[CQ VE3LWY FN03]
09:55:29.890 CQ_DEBUG i3=1 n3=0 to=[CQ] from=[F4DIA] extra=[JN36] modifier=[null] msgText=[CQ F4DIA JN36]
09:55:29.890 CQ_DEBUG i3=1 n3=7 to=[CQ] from=[UN0GY] extra=[MN83] modifier=[null] msgText=[CQ UN0GY MN83]
09:55:29.891 CQ_DEBUG i3=1 n3=4 to=[CQ] from=[OM3DX] extra=[KN08] modifier=[null] msgText=[CQ OM3DX KN08]
09:55:29.891 QSO: cycle slot=0 order=2 newOrder=-1 to=F5MXH noReply=0/0
09:55:29.892 QSO: no-reply 1 (order=2 to=F5MXH)
09:55:29.892 QSO: cycle(deep) slot=0 order=2 newOrder=-1 to=F5MXH noReply=1/0
09:55:30.390 QSO: cycle(deep) slot=0 order=2 newOrder=-1 to=F5MXH noReply=1/0
09:55:30.392 PskReporterSender: enqueued 1 spots (queue=44)
09:55:31.232 QSO: TX slot=0 order=2 msg=[F5MXH K1AF -10]
09:55:31.234 serial.send[4]: TX1; | hex: 54 58 31 3B
09:55:31.235 serial.send: write completed OK
09:55:31.365 playFT8Signal: TX path branch: audioOutputDeviceId=-1 usbAudioOutputVidPid=0D8C:0012 volume=30% autoVolume=false
09:55:31.367 playFT8Signal: using USB audio (direct) output
09:55:31.368 playViaUsbAudio: start, VID=0D8C PID=0012 samples=151680 rate=12000
09:55:31.380 playViaUsbAudio: device opened, output activated at 48000 Hz
09:55:31.390 playViaUsbAudio: calling writeAudio playLength=151680 rate=12000
09:55:31.428 UsbAudioDevice: trying libusb native write fd=156 iface=1 alt=1 ep=0x01 maxPkt=200 bytes=2426880 outputRate=48000 ch=2
09:55:35.321 UsbAudioDevice: libusb native write OK
09:55:35.323 playViaUsbAudio: writeAudio returned OK
09:55:35.327 serial.send[4]: TX0; | hex: 54 58 30 3B
09:55:35.329 serial.send: write completed OK
09:55:38.593 Pota: polling stopped
09:55:38.594 Pota: polling started (subscribers=1)
09:55:38.852 Pota: spots ok N=24 (filter=FT8)
09:55:39.054 Pota: spots ok N=24 (filter=FT8)
09:55:39.331 QrzWeb: NW2M -> https://cdn-bio.qrz.com/m/nw2m/NW2M_Award_Small.jpg?p=c4a36417c3665e96dd32649d6f93c156
09:55:40.475 Pota: polling stopped
09:55:44.859 DECODE: kept=7 ownEcho=0 junk=0 replyToMe=false slot=0
09:55:44.860 CQ_DEBUG i3=1 n3=5 to=[CQ] from=[NG2O] extra=[FM29] modifier=[null] msgText=[CQ NG2O FM29]
09:55:44.861 CQ_DEBUG i3=1 n3=2 to=[CQ] from=[WA2ELL] extra=[FN14] modifier=[null] msgText=[CQ WA2ELL FN14]
09:55:44.862 QSO: skip cycle, newest decode in own slot 0
09:55:44.863 QSO: cycle(deep) slot=0 order=6 newOrder=-1 to=CQ noReply=0/0
09:55:44.864 PskReporterSender: enqueued 2 spots (queue=46)
09:55:45.354 QSO: cycle(deep) slot=0 order=6 newOrder=-1 to=CQ noReply=0/0
09:55:45.355 PskReporterSender: enqueued 1 spots (queue=47)
09:55:59.931 DECODE: kept=11 ownEcho=0 junk=0 replyToMe=false slot=1
09:55:59.932 CQ_DEBUG i3=1 n3=7 to=[CQ] from=[N4ZSA] extra=[EM95] modifier=[null] msgText=[CQ N4ZSA EM95]
09:55:59.933 CQ_DEBUG i3=1 n3=1 to=[CQ] from=[KC2YYF] extra=[FN21] modifier=[null] msgText=[CQ KC2YYF FN21]
09:55:59.933 CQ_DEBUG i3=1 n3=0 to=[CQ] from=[F4DIA] extra=[JN36] modifier=[null] msgText=[CQ F4DIA JN36]
09:55:59.934 CQ_DEBUG i3=1 n3=4 to=[CQ] from=[OM3DX] extra=[KN08] modifier=[null] msgText=[CQ OM3DX KN08]
09:55:59.934 CQ_DEBUG i3=1 n3=7 to=[CQ] from=[UN0GY] extra=[MN83] modifier=[null] msgText=[CQ UN0GY MN83]
09:55:59.935 QSO: cycle slot=0 order=6 newOrder=-1 to=CQ noReply=0/0
09:55:59.936 PskReporterSender: enqueued 1 spots (queue=48)
09:56:00.381 CQ_DEBUG i3=1 n3=7 to=[CQ] from=[VE3LWY] extra=[FN03] modifier=[null] msgText=[CQ VE3LWY FN03]
09:56:00.383 CQ_DEBUG i3=1 n3=5 to=[CQ] from=[KM6BYW] extra=[DM13] modifier=[null] msgText=[CQ KM6BYW DM13]
09:56:00.383 QSO: cycle(deep) slot=0 order=6 newOrder=-1 to=CQ noReply=0/0
09:56:01.238 QSO: TX slot=0 order=6 msg=[CQ POTA K1AF EM28]
09:56:01.242 serial.send[4]: TX1; | hex: 54 58 31 3B
09:56:01.245 serial.send: write completed OK
09:56:01.357 playFT8Signal: TX path branch: audioOutputDeviceId=-1 usbAudioOutputVidPid=0D8C:0012 volume=30% autoVolume=false
09:56:01.358 playFT8Signal: using USB audio (direct) output
09:56:01.358 playViaUsbAudio: start, VID=0D8C PID=0012 samples=151680 rate=12000
09:56:01.371 playViaUsbAudio: device opened, output activated at 48000 Hz
09:56:01.374 playViaUsbAudio: calling writeAudio playLength=151680 rate=12000
09:56:01.414 UsbAudioDevice: trying libusb native write fd=174 iface=1 alt=1 ep=0x01 maxPkt=200 bytes=2426880 outputRate=48000 ch=2
09:56:01.535 PskReporterSender: enqueued 1 spots (queue=49)
09:56:14.057 UsbAudioDevice: libusb native write OK
09:56:14.059 playViaUsbAudio: writeAudio returned OK
09:56:14.064 serial.send[4]: TX0; | hex: 54 58 30 3B
09:56:14.066 serial.send: write completed OK
09:56:14.804 DECODE: kept=0 ownEcho=1 junk=0 replyToMe=false slot=0
09:56:19.603 PskReporter: fetch start call=K1AF secondsBack=3600 mode=FT8 byReceiver=false
09:56:20.272 PskReporter: parse: skipped noGrid=0 badGrid=123 badAttr=0
09:56:20.274 PskReporter: fetch ok N=376
09:56:29.907 DECODE: kept=18 ownEcho=0 junk=0 replyToMe=true slot=1
09:56:29.909 CQ_DEBUG i3=1 n3=7 to=[CQ] from=[N4ZSA] extra=[EM95] modifier=[null] msgText=[CQ N4ZSA EM95]
09:56:29.909 CQ_DEBUG i3=1 n3=0 to=[CQ] from=[F4DIA] extra=[JN36] modifier=[null] msgText=[CQ F4DIA JN36]
09:56:29.910 CQ_DEBUG i3=1 n3=7 to=[CQ] from=[UN0GY] extra=[MN83] modifier=[null] msgText=[CQ UN0GY MN83]
09:56:29.910 QSO: cycle slot=0 order=6 newOrder=-1 to=CQ noReply=0/0
09:56:29.911 QSO: setTransmit to=KO6OAI order=2 slot=0
09:56:29.912 QSO: cycle(deep) slot=0 order=2 newOrder=-1 to=KO6OAI noReply=0/0
09:56:29.914 PskReporterSender: enqueued 3 spots (queue=52)
09:56:30.323 QSO: cycle(deep) slot=0 order=2 newOrder=-1 to=KO6OAI noReply=0/0
09:56:31.242 QSO: TX slot=0 order=2 msg=[KO6OAI K1AF -15]
09:56:31.245 serial.send[4]: TX1; | hex: 54 58 31 3B
09:56:31.248 serial.send: write completed OK
09:56:31.368 playFT8Signal: TX path branch: audioOutputDeviceId=-1 usbAudioOutputVidPid=0D8C:0012 volume=25% autoVolume=false
09:56:31.369 playFT8Signal: using USB audio (direct) output
09:56:31.369 playViaUsbAudio: start, VID=0D8C PID=0012 samples=151680 rate=12000
09:56:31.380 playViaUsbAudio: device opened, output activated at 48000 Hz
09:56:31.381 playViaUsbAudio: calling writeAudio playLength=151680 rate=12000
09:56:31.436 UsbAudioDevice: trying libusb native write fd=178 iface=1 alt=1 ep=0x01 maxPkt=200 bytes=2426880 outputRate=48000 ch=2
09:56:31.484 PskReporterSender: enqueued 1 spots (queue=53)
09:56:44.081 UsbAudioDevice: libusb native write OK
09:56:44.084 playViaUsbAudio: writeAudio returned OK
09:56:44.092 serial.send[4]: TX0; | hex: 54 58 30 3B
09:56:44.097 serial.send: write completed OK
09:56:44.753 PskReporterSender: sent 1 packet(s) with 53 spots
09:56:44.846 DECODE: kept=0 ownEcho=1 junk=0 replyToMe=false slot=0
09:56:59.939 DECODE: kept=18 ownEcho=0 junk=0 replyToMe=true slot=1
09:56:59.940 CQ_DEBUG i3=1 n3=0 to=[CQ] from=[F4DIA] extra=[JN36] modifier=[null] msgText=[CQ F4DIA JN36]
09:56:59.940 CQ_DEBUG i3=1 n3=7 to=[CQ] from=[N4ZSA] extra=[EM95] modifier=[null] msgText=[CQ N4ZSA EM95]
09:56:59.941 CQ_DEBUG i3=1 n3=7 to=[CQ] from=[UN0GY] extra=[MN83] modifier=[null] msgText=[CQ UN0GY MN83]
09:56:59.942 QSO: cycle slot=0 order=2 newOrder=3 to=KO6OAI noReply=0/0
09:56:59.942 QSO: advance order 2->4 with KO6OAI
09:56:59.944 QSO: cycle(deep) slot=0 order=4 newOrder=-1 to=KO6OAI noReply=0/0
09:56:59.945 PskReporterSender: enqueued 1 spots (queue=1)
09:57:00.324 QSO: cycle(deep) slot=0 order=4 newOrder=-1 to=KO6OAI noReply=0/0
09:57:00.326 PskReporterSender: enqueued 1 spots (queue=2)
09:57:01.234 QSO: TX slot=0 order=4 msg=[KO6OAI K1AF RR73]
09:57:01.235 serial.send[4]: TX1; | hex: 54 58 31 3B
09:57:01.236 serial.send: write completed OK
09:57:01.347 playFT8Signal: TX path branch: audioOutputDeviceId=-1 usbAudioOutputVidPid=0D8C:0012 volume=20% autoVolume=false
09:57:01.348 playFT8Signal: using USB audio (direct) output
09:57:01.348 playViaUsbAudio: start, VID=0D8C PID=0012 samples=151680 rate=12000
09:57:01.358 playViaUsbAudio: device opened, output activated at 48000 Hz
09:57:01.363 playViaUsbAudio: calling writeAudio playLength=151680 rate=12000
09:57:01.445 UsbAudioDevice: trying libusb native write fd=179 iface=1 alt=1 ep=0x01 maxPkt=200 bytes=2426880 outputRate=48000 ch=2
09:57:14.088 UsbAudioDevice: libusb native write OK
09:57:14.090 playViaUsbAudio: writeAudio returned OK
09:57:14.096 serial.send[4]: TX0; | hex: 54 58 30 3B
09:57:14.102 serial.send: write completed OK
09:57:14.809 DECODE: kept=0 ownEcho=1 junk=0 replyToMe=false slot=0
09:57:29.906 DECODE: kept=19 ownEcho=0 junk=0 replyToMe=true slot=1
09:57:29.908 CQ_DEBUG i3=1 n3=5 to=[CQ] from=[NG2O] extra=[FM29] modifier=[null] msgText=[CQ NG2O FM29]
09:57:29.908 CQ_DEBUG i3=1 n3=7 to=[CQ] from=[N4ZSA] extra=[EM95] modifier=[null] msgText=[CQ N4ZSA EM95]
09:57:29.909 CQ_DEBUG i3=1 n3=7 to=[CQ] from=[UN0GY] extra=[MN83] modifier=[null] msgText=[CQ UN0GY MN83]
09:57:29.910 CQ_DEBUG i3=1 n3=0 to=[CQ] from=[F4DIA] extra=[JN36] modifier=[null] msgText=[CQ F4DIA JN36]
09:57:29.911 QSO: cycle slot=0 order=4 newOrder=-1 to=KO6OAI noReply=0/0
09:57:29.913 QSO: enqueue caller N8PFK (queue size 1)
09:57:29.914 QSO: no-reply 1 (order=4 to=KO6OAI)
09:57:29.915 QSO: cycle(deep) slot=0 order=4 newOrder=-1 to=KO6OAI noReply=1/0
09:57:29.924 PskReporterSender: enqueued 2 spots (queue=4)
09:57:30.333 CQ_DEBUG i3=3 n3=7 to=[CQ FPKN] from=[RV7KTI] extra=[529 3583] modifier=[null] msgText=[CQ FPKN RV7KTI 529 3583]
09:57:30.334 QSO: cycle(deep) slot=0 order=4 newOrder=-1 to=KO6OAI noReply=1/0
09:57:30.335 PskReporterSender: enqueued 2 spots (queue=6)
09:57:31.234 QSO: TX slot=0 order=4 msg=[KO6OAI K1AF RR73]
09:57:31.235 serial.send[4]: TX1; | hex: 54 58 31 3B
09:57:31.236 serial.send: write completed OK
09:57:31.355 playFT8Signal: TX path branch: audioOutputDeviceId=-1 usbAudioOutputVidPid=0D8C:0012 volume=20% autoVolume=false
09:57:31.355 playFT8Signal: using USB audio (direct) output
09:57:31.356 playViaUsbAudio: start, VID=0D8C PID=0012 samples=151680 rate=12000
09:57:31.367 playViaUsbAudio: device opened, output activated at 48000 Hz
09:57:31.368 playViaUsbAudio: calling writeAudio playLength=151680 rate=12000
09:57:31.392 UsbAudioDevice: trying libusb native write fd=203 iface=1 alt=1 ep=0x01 maxPkt=200 bytes=2426880 outputRate=48000 ch=2
09:57:33.559 QSO: dequeue caller N8PFK (0 left in queue)
09:57:33.561 QSO: setTransmit to=N8PFK order=2 slot=0
09:57:44.037 UsbAudioDevice: libusb native write OK
09:57:44.039 playViaUsbAudio: writeAudio returned OK
09:57:44.044 serial.send[4]: TX0; | hex: 54 58 30 3B
09:57:44.048 serial.send: write completed OK
09:57:44.808 DECODE: kept=0 ownEcho=1 junk=0 replyToMe=false slot=0
09:57:52.829 Pota: polling started (subscribers=1)
09:57:53.091 Pota: spots ok N=25 (filter=FT8)
09:57:54.963 Pota: polling stopped
09:57:59.906 DECODE: kept=13 ownEcho=0 junk=0 replyToMe=false slot=1
09:57:59.907 CQ_DEBUG i3=1 n3=5 to=[CQ] from=[NG2O] extra=[FM29] modifier=[null] msgText=[CQ NG2O FM29]
09:57:59.908 CQ_DEBUG i3=1 n3=0 to=[CQ] from=[F4DIA] extra=[JN36] modifier=[null] msgText=[CQ F4DIA JN36]
09:57:59.908 CQ_DEBUG i3=1 n3=7 to=[CQ] from=[N4ZSA] extra=[EM95] modifier=[null] msgText=[CQ N4ZSA EM95]
09:57:59.909 CQ_DEBUG i3=1 n3=4 to=[CQ] from=[YH7KS] extra=[OI76] modifier=[null] msgText=[CQ YH7KS OI76]
09:57:59.910 CQ_DEBUG i3=1 n3=7 to=[CQ] from=[UN0GY] extra=[MN83] modifier=[null] msgText=[CQ UN0GY MN83]
09:57:59.911 QSO: cycle slot=0 order=2 newOrder=-1 to=N8PFK noReply=0/0
09:57:59.912 QSO: no-reply 1 (order=2 to=N8PFK)
09:57:59.912 QSO: cycle(deep) slot=0 order=2 newOrder=-1 to=N8PFK noReply=1/0
09:57:59.916 PskReporterSender: enqueued 7 spots (queue=13)
09:58:00.355 QSO: cycle(deep) slot=0 order=2 newOrder=-1 to=N8PFK noReply=1/0
09:58:00.356 PskReporterSender: enqueued 1 spots (queue=14)
09:58:01.244 QSO: TX slot=0 order=2 msg=[N8PFK K1AF -11]
09:58:01.248 serial.send[4]: TX1; | hex: 54 58 31 3B
09:58:01.250 serial.send: write completed OK
09:58:01.375 PskReporterSender: enqueued 1 spots (queue=15)
09:58:01.387 playFT8Signal: TX path branch: audioOutputDeviceId=-1 usbAudioOutputVidPid=0D8C:0012 volume=20% autoVolume=false
09:58:01.389 playFT8Signal: using USB audio (direct) output
09:58:01.391 playViaUsbAudio: start, VID=0D8C PID=0012 samples=151680 rate=12000
09:58:01.402 playViaUsbAudio: device opened, output activated at 48000 Hz
09:58:01.408 playViaUsbAudio: calling writeAudio playLength=151680 rate=12000
09:58:01.464 UsbAudioDevice: trying libusb native write fd=179 iface=1 alt=1 ep=0x01 maxPkt=200 bytes=2426880 outputRate=48000 ch=2
09:58:14.111 UsbAudioDevice: libusb native write OK
09:58:14.115 playViaUsbAudio: writeAudio returned OK
09:58:14.124 serial.send[4]: TX0; | hex: 54 58 30 3B
09:58:14.129 serial.send: write completed OK
09:58:14.877 DECODE: kept=0 ownEcho=1 junk=0 replyToMe=false slot=0
09:58:29.894 DECODE: kept=16 ownEcho=0 junk=0 replyToMe=true slot=1
09:58:29.896 CQ_DEBUG i3=1 n3=0 to=[CQ] from=[F4DIA] extra=[JN36] modifier=[null] msgText=[CQ F4DIA JN36]
09:58:29.897 CQ_DEBUG i3=1 n3=5 to=[CQ] from=[NG2O] extra=[FM29] modifier=[null] msgText=[CQ NG2O FM29]
09:58:29.898 QSO: cycle slot=0 order=2 newOrder=3 to=N8PFK noReply=1/0
09:58:29.899 QSO: advance order 2->4 with N8PFK
09:58:29.903 QSO: cycle(deep) slot=0 order=4 newOrder=-1 to=N8PFK noReply=0/0
09:58:30.332 CQ_DEBUG i3=1 n3=7 to=[CQ] from=[N4ZSA] extra=[EM95] modifier=[null] msgText=[CQ N4ZSA EM95]
09:58:30.333 QSO: cycle(deep) slot=0 order=4 newOrder=-1 to=N8PFK noReply=0/0
09:58:31.237 QSO: TX slot=0 order=4 msg=[N8PFK K1AF RR73]
09:58:31.239 serial.send[4]: TX1; | hex: 54 58 31 3B
09:58:31.242 serial.send: write completed OK
09:58:31.361 playFT8Signal: TX path branch: audioOutputDeviceId=-1 usbAudioOutputVidPid=0D8C:0012 volume=20% autoVolume=false
09:58:31.363 playFT8Signal: using USB audio (direct) output
09:58:31.364 playViaUsbAudio: start, VID=0D8C PID=0012 samples=151680 rate=12000
09:58:31.376 playViaUsbAudio: device opened, output activated at 48000 Hz
09:58:31.381 playViaUsbAudio: calling writeAudio playLength=151680 rate=12000
09:58:31.426 UsbAudioDevice: trying libusb native write fd=179 iface=1 alt=1 ep=0x01 maxPkt=200 bytes=2426880 outputRate=48000 ch=2
09:58:44.070 UsbAudioDevice: libusb native write OK
09:58:44.072 playViaUsbAudio: writeAudio returned OK
09:58:44.086 serial.send[4]: TX0; | hex: 54 58 30 3B
09:58:44.090 serial.send: write completed OK
09:58:44.819 DECODE: kept=0 ownEcho=1 junk=0 replyToMe=false slot=0
09:58:59.953 DECODE: kept=14 ownEcho=0 junk=0 replyToMe=true slot=1
09:58:59.954 CQ_DEBUG i3=1 n3=5 to=[CQ] from=[NG2O] extra=[FM29] modifier=[null] msgText=[CQ NG2O FM29]
09:58:59.954 CQ_DEBUG i3=1 n3=7 to=[CQ] from=[N4ZSA] extra=[EM95] modifier=[null] msgText=[CQ N4ZSA EM95]
09:58:59.955 CQ_DEBUG i3=1 n3=0 to=[CQ] from=[F4DIA] extra=[JN36] modifier=[null] msgText=[CQ F4DIA JN36]
09:58:59.955 QSO: cycle slot=0 order=4 newOrder=5 to=N8PFK noReply=0/0
09:58:59.956 QSO: complete with N8PFK (order=4 newOrder=5) -> reset to CQ
09:58:59.957 QSO: cycle(deep) slot=0 order=6 newOrder=-1 to=CQ noReply=0/0
09:58:59.959 PskReporterSender: enqueued 4 spots (queue=19)
09:59:00.384 QSO: cycle(deep) slot=0 order=6 newOrder=-1 to=CQ noReply=0/0
09:59:01.243 QSO: TX slot=0 order=6 msg=[CQ POTA K1AF EM28]
09:59:01.246 serial.send[4]: TX1; | hex: 54 58 31 3B
09:59:01.247 serial.send: write completed OK
09:59:01.357 playFT8Signal: TX path branch: audioOutputDeviceId=-1 usbAudioOutputVidPid=0D8C:0012 volume=20% autoVolume=false
09:59:01.358 playFT8Signal: using USB audio (direct) output
09:59:01.358 playViaUsbAudio: start, VID=0D8C PID=0012 samples=151680 rate=12000
09:59:01.378 playViaUsbAudio: device opened, output activated at 48000 Hz
09:59:01.380 playViaUsbAudio: calling writeAudio playLength=151680 rate=12000
09:59:01.405 UsbAudioDevice: trying libusb native write fd=186 iface=1 alt=1 ep=0x01 maxPkt=200 bytes=2426880 outputRate=48000 ch=2
09:59:05.918 PskReporter: fetch start call=K1AF secondsBack=3600 mode=FT8 byReceiver=false
09:59:06.307 PskReporter: parse: skipped noGrid=0 badGrid=129 badAttr=0
09:59:06.309 PskReporter: fetch ok N=384
09:59:14.048 UsbAudioDevice: libusb native write OK
09:59:14.049 playViaUsbAudio: writeAudio returned OK
09:59:14.055 serial.send[4]: TX0; | hex: 54 58 30 3B
09:59:14.056 serial.send: write completed OK
09:59:14.812 DECODE: kept=0 ownEcho=1 junk=0 replyToMe=false slot=0
09:59:29.927 DECODE: kept=6 ownEcho=0 junk=0 replyToMe=true slot=1
09:59:29.928 CQ_DEBUG i3=1 n3=7 to=[CQ] from=[N4ZSA] extra=[EM95] modifier=[null] msgText=[CQ N4ZSA EM95]
09:59:29.929 QSO: cycle slot=0 order=6 newOrder=-1 to=CQ noReply=0/0
09:59:29.930 QSO: setTransmit to=W8RJC order=2 slot=0
09:59:29.931 PskReporterSender: enqueued 2 spots (queue=21)
09:59:30.423 QSO: cycle(deep) slot=0 order=2 newOrder=-1 to=W8RJC noReply=0/0
09:59:31.244 QSO: TX slot=0 order=2 msg=[W8RJC K1AF -15]
09:59:31.248 serial.send[4]: TX1; | hex: 54 58 31 3B
09:59:31.252 serial.send: write completed OK
09:59:31.368 playFT8Signal: TX path branch: audioOutputDeviceId=-1 usbAudioOutputVidPid=0D8C:0012 volume=20% autoVolume=false
09:59:31.369 playFT8Signal: using USB audio (direct) output
09:59:31.370 playViaUsbAudio: start, VID=0D8C PID=0012 samples=151680 rate=12000
09:59:31.380 playViaUsbAudio: device opened, output activated at 48000 Hz
09:59:31.382 playViaUsbAudio: calling writeAudio playLength=151680 rate=12000
09:59:31.410 UsbAudioDevice: trying libusb native write fd=183 iface=1 alt=1 ep=0x01 maxPkt=200 bytes=2426880 outputRate=48000 ch=2
09:59:44.068 UsbAudioDevice: libusb native write OK
09:59:44.069 playViaUsbAudio: writeAudio returned OK
09:59:44.075 serial.send[4]: TX0; | hex: 54 58 30 3B
09:59:44.077 serial.send: write completed OK
09:59:44.882 DECODE: kept=0 ownEcho=1 junk=0 replyToMe=false slot=0
09:59:59.934 DECODE: kept=7 ownEcho=0 junk=0 replyToMe=true slot=1
09:59:59.935 CQ_DEBUG i3=1 n3=7 to=[CQ] from=[N4ZSA] extra=[EM95] modifier=[null] msgText=[CQ N4ZSA EM95]
09:59:59.935 CQ_DEBUG i3=1 n3=7 to=[CQ] from=[VE3LWY] extra=[FN03] modifier=[null] msgText=[CQ VE3LWY FN03]
09:59:59.937 QSO: cycle slot=0 order=2 newOrder=3 to=W8RJC noReply=0/0
09:59:59.937 QSO: advance order 2->4 with W8RJC
10:00:00.558 CQ_DEBUG i3=1 n3=0 to=[CQ] from=[F4DIA] extra=[JN36] modifier=[null] msgText=[CQ F4DIA JN36]
10:00:00.559 QSO: cycle(deep) slot=0 order=4 newOrder=-1 to=W8RJC noReply=0/0
10:00:01.246 QSO: TX slot=0 order=4 msg=[W8RJC K1AF RR73]
10:00:01.247 serial.send[4]: TX1; | hex: 54 58 31 3B
10:00:01.248 serial.send: write completed OK
10:00:01.356 playFT8Signal: TX path branch: audioOutputDeviceId=-1 usbAudioOutputVidPid=0D8C:0012 volume=20% autoVolume=false
10:00:01.357 playFT8Signal: using USB audio (direct) output
10:00:01.358 playViaUsbAudio: start, VID=0D8C PID=0012 samples=151680 rate=12000
10:00:01.368 playViaUsbAudio: device opened, output activated at 48000 Hz
10:00:01.369 playViaUsbAudio: calling writeAudio playLength=151680 rate=12000
10:00:01.394 UsbAudioDevice: trying libusb native write fd=152 iface=1 alt=1 ep=0x01 maxPkt=200 bytes=2426880 outputRate=48000 ch=2
10:00:14.038 UsbAudioDevice: libusb native write OK
10:00:14.039 playViaUsbAudio: writeAudio returned OK
10:00:14.042 serial.send[4]: TX0; | hex: 54 58 30 3B
10:00:14.043 serial.send: write completed OK
10:00:14.820 DECODE: kept=0 ownEcho=1 junk=0 replyToMe=false slot=0
10:00:29.912 DECODE: kept=9 ownEcho=0 junk=0 replyToMe=true slot=1
10:00:29.913 CQ_DEBUG i3=1 n3=7 to=[CQ] from=[VE3LWY] extra=[FN03] modifier=[null] msgText=[CQ VE3LWY FN03]
10:00:29.914 QSO: cycle slot=0 order=4 newOrder=5 to=W8RJC noReply=0/0
10:00:29.914 QSO: complete with W8RJC (order=4 newOrder=5) -> reset to CQ
10:00:29.916 QSO: setTransmit to=NN2D order=2 slot=0
10:00:29.917 PskReporterSender: enqueued 1 spots (queue=22)
10:00:30.421 CQ_DEBUG i3=1 n3=7 to=[CQ] from=[N4ZSA] extra=[EM95] modifier=[null] msgText=[CQ N4ZSA EM95]
10:00:30.422 QSO: cycle(deep) slot=0 order=2 newOrder=-1 to=NN2D noReply=0/0
10:00:30.424 PskReporterSender: enqueued 1 spots (queue=23)
10:00:31.248 QSO: TX slot=0 order=2 msg=[NN2D K1AF -10]
10:00:31.252 serial.send[4]: TX1; | hex: 54 58 31 3B
10:00:31.254 serial.send: write completed OK
10:00:31.399 playFT8Signal: TX path branch: audioOutputDeviceId=-1 usbAudioOutputVidPid=0D8C:0012 volume=20% autoVolume=false
10:00:31.401 playFT8Signal: using USB audio (direct) output
10:00:31.402 playViaUsbAudio: start, VID=0D8C PID=0012 samples=151680 rate=12000
10:00:31.417 playViaUsbAudio: device opened, output activated at 48000 Hz
10:00:31.423 playViaUsbAudio: calling writeAudio playLength=151680 rate=12000
10:00:31.492 UsbAudioDevice: trying libusb native write fd=152 iface=1 alt=1 ep=0x01 maxPkt=200 bytes=2426880 outputRate=48000 ch=2
10:00:44.136 UsbAudioDevice: libusb native write OK
10:00:44.137 playViaUsbAudio: writeAudio returned OK
10:00:44.143 serial.send[4]: TX0; | hex: 54 58 30 3B
10:00:44.144 serial.send: write completed OK
10:00:44.815 DECODE: kept=0 ownEcho=1 junk=0 replyToMe=false slot=0
10:00:59.906 DECODE: kept=11 ownEcho=0 junk=0 replyToMe=true slot=1
10:00:59.909 QSO: cycle slot=0 order=2 newOrder=3 to=NN2D noReply=0/0
10:00:59.910 QSO: advance order 2->4 with NN2D
10:00:59.912 QSO: cycle(deep) slot=0 order=4 newOrder=-1 to=NN2D noReply=0/0
10:01:00.331 QSO: cycle(deep) slot=0 order=4 newOrder=-1 to=NN2D noReply=0/0
10:01:00.332 PskReporterSender: enqueued 2 spots (queue=25)
10:01:01.268 QSO: TX slot=0 order=4 msg=[NN2D K1AF RR73]
10:01:01.269 serial.send[4]: TX1; | hex: 54 58 31 3B
10:01:01.271 serial.send: write completed OK
10:01:01.462 playFT8Signal: TX path branch: audioOutputDeviceId=-1 usbAudioOutputVidPid=0D8C:0012 volume=25% autoVolume=false
10:01:01.462 playFT8Signal: using USB audio (direct) output
10:01:01.463 playViaUsbAudio: start, VID=0D8C PID=0012 samples=151680 rate=12000
10:01:01.510 playViaUsbAudio: device opened, output activated at 48000 Hz
10:01:01.515 playViaUsbAudio: calling writeAudio playLength=151680 rate=12000
10:01:01.548 UsbAudioDevice: trying libusb native write fd=152 iface=1 alt=1 ep=0x01 maxPkt=200 bytes=2426880 outputRate=48000 ch=2
10:01:01.957 CQ_DEBUG i3=1 n3=5 to=[CQ] from=[GM4SUF] extra=[IO77] modifier=[null] msgText=[CQ GM4SUF IO77]
10:01:01.958 CQ_DEBUG i3=1 n3=7 to=[CQ] from=[VE3VT] extra=[FN03] modifier=[null] msgText=[CQ VE3VT FN03]
10:01:01.959 PskReporterSender: enqueued 1 spots (queue=26)
10:01:14.238 UsbAudioDevice: libusb native write OK
10:01:14.243 playViaUsbAudio: writeAudio returned OK
10:01:14.274 serial.send[4]: TX0; | hex: 54 58 30 3B
10:01:14.280 serial.send: write completed OK
10:01:15.110 DECODE: kept=0 ownEcho=1 junk=0 replyToMe=false slot=0
10:01:30.504 DECODE: kept=10 ownEcho=0 junk=0 replyToMe=true slot=1
10:01:30.535 QSO: cycle slot=0 order=4 newOrder=5 to=NN2D noReply=0/0
10:01:30.552 QSO: complete with NN2D (order=4 newOrder=5) -> reset to CQ
10:01:30.597 QSO: cycle(deep) slot=0 order=6 newOrder=-1 to=CQ noReply=0/0
10:01:30.606 PskReporterSender: enqueued 1 spots (queue=27)
10:01:31.239 QSO: cycle(deep) slot=0 order=6 newOrder=-1 to=CQ noReply=0/0
10:01:31.253 QSO: TX slot=0 order=6 msg=[CQ POTA K1AF EM28]
10:01:31.257 serial.send[4]: TX1; | hex: 54 58 31 3B
10:01:31.263 serial.send: write completed OK
10:01:31.391 playFT8Signal: TX path branch: audioOutputDeviceId=-1 usbAudioOutputVidPid=0D8C:0012 volume=25% autoVolume=false
10:01:31.401 playFT8Signal: using USB audio (direct) output
10:01:31.403 playViaUsbAudio: start, VID=0D8C PID=0012 samples=151680 rate=12000
10:01:31.442 playViaUsbAudio: device opened, output activated at 48000 Hz
10:01:31.444 playViaUsbAudio: calling writeAudio playLength=151680 rate=12000
10:01:31.501 UsbAudioDevice: trying libusb native write fd=142 iface=1 alt=1 ep=0x01 maxPkt=200 bytes=2426880 outputRate=48000 ch=2
10:01:44.153 UsbAudioDevice: libusb native write OK
10:01:44.156 playViaUsbAudio: writeAudio returned OK
10:01:44.163 serial.send[4]: TX0; | hex: 54 58 30 3B
10:01:44.165 serial.send: write completed OK
10:01:44.882 DECODE: kept=0 ownEcho=1 junk=0 replyToMe=false slot=0
10:01:57.144 PskReporterSender: sent 1 packet(s) with 27 spots
10:01:59.933 DECODE: kept=4 ownEcho=0 junk=0 replyToMe=false slot=1
10:01:59.935 CQ_DEBUG i3=1 n3=1 to=[CQ] from=[KC2YYF] extra=[FN21] modifier=[null] msgText=[CQ KC2YYF FN21]
10:01:59.936 QSO: cycle slot=0 order=6 newOrder=-1 to=CQ noReply=0/0
10:01:59.937 QSO: cycle(deep) slot=0 order=6 newOrder=-1 to=CQ noReply=0/0
10:02:00.815 QSO: cycle(deep) slot=0 order=6 newOrder=-1 to=CQ noReply=0/0
10:02:01.255 QSO: TX slot=0 order=6 msg=[CQ POTA K1AF EM28]
10:02:01.262 serial.send[4]: TX1; | hex: 54 58 31 3B
10:02:01.268 serial.send: write completed OK
10:02:01.394 playFT8Signal: TX path branch: audioOutputDeviceId=-1 usbAudioOutputVidPid=0D8C:0012 volume=25% autoVolume=false
10:02:01.395 playFT8Signal: using USB audio (direct) output
10:02:01.396 playViaUsbAudio: start, VID=0D8C PID=0012 samples=151680 rate=12000
10:02:01.403 playViaUsbAudio: device opened, output activated at 48000 Hz
10:02:01.410 playViaUsbAudio: calling writeAudio playLength=151680 rate=12000
10:02:01.476 UsbAudioDevice: trying libusb native write fd=142 iface=1 alt=1 ep=0x01 maxPkt=200 bytes=2426880 outputRate=48000 ch=2
10:02:02.332 PskReporterSender: enqueued 1 spots (queue=1)
10:02:14.129 UsbAudioDevice: libusb native write OK
10:02:14.132 playViaUsbAudio: writeAudio returned OK
10:02:14.136 serial.send[4]: TX0; | hex: 54 58 30 3B
10:02:14.145 serial.send: write completed OK
10:02:14.854 DECODE: kept=0 ownEcho=1 junk=0 replyToMe=false slot=0
10:02:29.975 DECODE: kept=11 ownEcho=0 junk=0 replyToMe=true slot=1
10:02:29.976 CQ_DEBUG i3=1 n3=0 to=[CQ] from=[F4DIA] extra=[JN36] modifier=[null] msgText=[CQ F4DIA JN36]
10:02:29.977 CQ_DEBUG i3=1 n3=7 to=[CQ] from=[KC1QYX] extra=[FN43] modifier=[null] msgText=[CQ KC1QYX FN43]
10:02:29.978 QSO: cycle slot=0 order=6 newOrder=-1 to=CQ noReply=0/0
10:02:29.980 QSO: setTransmit to=KC2EES order=2 slot=0
10:02:29.981 QSO: cycle(deep) slot=0 order=2 newOrder=-1 to=KC2EES noReply=0/0
10:02:29.991 PskReporterSender: enqueued 3 spots (queue=4)
10:02:30.677 QSO: cycle(deep) slot=0 order=2 newOrder=-1 to=KC2EES noReply=0/0
10:02:31.252 QSO: TX slot=0 order=2 msg=[KC2EES K1AF -7]
10:02:31.255 serial.send[4]: TX1; | hex: 54 58 31 3B
10:02:31.261 serial.send: write completed OK
10:02:31.389 playFT8Signal: TX path branch: audioOutputDeviceId=-1 usbAudioOutputVidPid=0D8C:0012 volume=25% autoVolume=false
10:02:31.394 playFT8Signal: using USB audio (direct) output
10:02:31.395 playViaUsbAudio: start, VID=0D8C PID=0012 samples=151680 rate=12000
10:02:31.404 playViaUsbAudio: device opened, output activated at 48000 Hz
10:02:31.408 playViaUsbAudio: calling writeAudio playLength=151680 rate=12000
10:02:31.477 UsbAudioDevice: trying libusb native write fd=142 iface=1 alt=1 ep=0x01 maxPkt=200 bytes=2426880 outputRate=48000 ch=2
10:02:32.121 PskReporterSender: enqueued 1 spots (queue=5)
10:02:44.123 UsbAudioDevice: libusb native write OK
10:02:44.124 playViaUsbAudio: writeAudio returned OK
10:02:44.130 serial.send[4]: TX0; | hex: 54 58 30 3B
10:02:44.136 serial.send: write completed OK
10:02:44.865 DECODE: kept=0 ownEcho=1 junk=0 replyToMe=false slot=0
10:02:59.993 DECODE: kept=11 ownEcho=0 junk=0 replyToMe=true slot=1
10:02:59.996 CQ_DEBUG i3=1 n3=0 to=[CQ] from=[F4DIA] extra=[JN36] modifier=[null] msgText=[CQ F4DIA JN36]
10:02:59.997 CQ_DEBUG i3=1 n3=7 to=[CQ] from=[KC1QYX] extra=[FN43] modifier=[null] msgText=[CQ KC1QYX FN43]
10:03:00.000 QSO: cycle slot=0 order=2 newOrder=3 to=KC2EES noReply=0/0
10:03:00.001 QSO: advance order 2->4 with KC2EES
10:03:00.015 QSO: cycle(deep) slot=0 order=4 newOrder=-1 to=KC2EES noReply=0/0
10:03:00.018 PskReporterSender: enqueued 5 spots (queue=10)
10:03:01.254 QSO: TX slot=0 order=4 msg=[KC2EES K1AF RR73]
10:03:01.263 serial.send[4]: TX1; | hex: 54 58 31 3B
10:03:01.269 serial.send: write completed OK
10:03:01.389 playFT8Signal: TX path branch: audioOutputDeviceId=-1 usbAudioOutputVidPid=0D8C:0012 volume=25% autoVolume=false
10:03:01.390 playFT8Signal: using USB audio (direct) output
10:03:01.391 playViaUsbAudio: start, VID=0D8C PID=0012 samples=151680 rate=12000
10:03:01.405 playViaUsbAudio: device opened, output activated at 48000 Hz
10:03:01.408 playViaUsbAudio: calling writeAudio playLength=151680 rate=12000
10:03:01.460 UsbAudioDevice: trying libusb native write fd=142 iface=1 alt=1 ep=0x01 maxPkt=200 bytes=2426880 outputRate=48000 ch=2
10:03:14.110 UsbAudioDevice: libusb native write OK
10:03:14.115 playViaUsbAudio: writeAudio returned OK
10:03:14.121 serial.send[4]: TX0; | hex: 54 58 30 3B
10:03:14.122 serial.send: write completed OK
10:03:14.922 DECODE: kept=0 ownEcho=1 junk=0 replyToMe=false slot=0
10:03:29.960 DECODE: kept=5 ownEcho=0 junk=0 replyToMe=true slot=1
10:03:29.962 CQ_DEBUG i3=1 n3=1 to=[CQ] from=[KC2YYF] extra=[FN21] modifier=[null] msgText=[CQ KC2YYF FN21]
10:03:29.964 QSO: cycle slot=0 order=4 newOrder=5 to=KC2EES noReply=0/0
10:03:29.964 QSO: complete with KC2EES (order=4 newOrder=5) -> reset to CQ
10:03:29.966 QSO: cycle(deep) slot=0 order=6 newOrder=-1 to=CQ noReply=0/0
10:03:30.743 CQ_DEBUG i3=1 n3=7 to=[CQ] from=[KC1QYX] extra=[FN43] modifier=[null] msgText=[CQ KC1QYX FN43]
10:03:30.745 QSO: cycle(deep) slot=0 order=6 newOrder=-1 to=CQ noReply=0/0
10:03:31.253 QSO: TX slot=0 order=6 msg=[CQ POTA K1AF EM28]
10:03:31.256 serial.send[4]: TX1; | hex: 54 58 31 3B
10:03:31.258 serial.send: write completed OK
10:03:31.381 playFT8Signal: TX path branch: audioOutputDeviceId=-1 usbAudioOutputVidPid=0D8C:0012 volume=25% autoVolume=false
10:03:31.383 playFT8Signal: using USB audio (direct) output
10:03:31.384 playViaUsbAudio: start, VID=0D8C PID=0012 samples=151680 rate=12000
10:03:31.398 playViaUsbAudio: device opened, output activated at 48000 Hz
10:03:31.401 playViaUsbAudio: calling writeAudio playLength=151680 rate=12000
10:03:31.443 UsbAudioDevice: trying libusb native write fd=142 iface=1 alt=1 ep=0x01 maxPkt=200 bytes=2426880 outputRate=48000 ch=2
10:03:44.092 UsbAudioDevice: libusb native write OK
10:03:44.095 playViaUsbAudio: writeAudio returned OK
10:03:44.100 serial.send[4]: TX0; | hex: 54 58 30 3B
10:03:44.104 serial.send: write completed OK
10:03:44.875 DECODE: kept=0 ownEcho=1 junk=0 replyToMe=false slot=0
10:03:59.988 DECODE: kept=9 ownEcho=0 junk=0 replyToMe=false slot=1
10:03:59.991 QSO: cycle slot=0 order=6 newOrder=-1 to=CQ noReply=0/0
10:03:59.993 PskReporterSender: enqueued 3 spots (queue=13)
10:04:00.834 CQ_DEBUG i3=1 n3=7 to=[CQ] from=[KC1QYX] extra=[FN43] modifier=[null] msgText=[CQ KC1QYX FN43]
10:04:00.837 QSO: cycle(deep) slot=0 order=6 newOrder=-1 to=CQ noReply=0/0
10:04:01.249 QSO: TX slot=0 order=6 msg=[CQ POTA K1AF EM28]
10:04:01.256 serial.send[4]: TX1; | hex: 54 58 31 3B
10:04:01.259 serial.send: write completed OK
10:04:01.409 playFT8Signal: TX path branch: audioOutputDeviceId=-1 usbAudioOutputVidPid=0D8C:0012 volume=25% autoVolume=false
10:04:01.413 playFT8Signal: using USB audio (direct) output
10:04:01.415 playViaUsbAudio: start, VID=0D8C PID=0012 samples=151680 rate=12000
10:04:01.443 playViaUsbAudio: device opened, output activated at 48000 Hz
10:04:01.448 playViaUsbAudio: calling writeAudio playLength=151680 rate=12000
10:04:01.488 UsbAudioDevice: trying libusb native write fd=142 iface=1 alt=1 ep=0x01 maxPkt=200 bytes=2426880 outputRate=48000 ch=2
10:04:06.393 PskReporter: fetch start call=K1AF secondsBack=3600 mode=FT8 byReceiver=false
10:04:07.269 PskReporter: parse: skipped noGrid=0 badGrid=136 badAttr=0
10:04:07.270 PskReporter: fetch ok N=406
10:04:10.846 Pota: polling started (subscribers=1)
10:04:11.099 Pota: spots ok N=23 (filter=FT8)
10:04:11.398 QrzWeb: KC2EES -> https://cdn-bio.qrz.com/s/kc2ees/IMG_5773.jpg?p=f0b7c70cad2600efe699a73231a85afa
10:04:12.396 QrzWeb: KO6OAI -> https://s3.amazonaws.com/files.qrz.com/static/qrz/qrz_com200x150.jpg
10:04:14.133 UsbAudioDevice: libusb native write OK
10:04:14.136 playViaUsbAudio: writeAudio returned OK
10:04:14.147 serial.send[4]: TX0; | hex: 54 58 30 3B
10:04:14.153 serial.send: write completed OK
10:04:14.888 DECODE: kept=0 ownEcho=1 junk=0 replyToMe=false slot=0
10:04:30.003 DECODE: kept=11 ownEcho=0 junk=0 replyToMe=false slot=1
10:04:30.005 CQ_DEBUG i3=1 n3=4 to=[CQ] from=[YH7KS] extra=[OI76] modifier=[null] msgText=[CQ YH7KS OI76]
10:04:30.007 QSO: cycle slot=0 order=6 newOrder=-1 to=CQ noReply=0/0
10:04:30.015 PskReporterSender: enqueued 3 spots (queue=16)
10:04:30.729 QSO: cycle(deep) slot=0 order=6 newOrder=-1 to=CQ noReply=0/0
10:04:30.730 PskReporterSender: enqueued 1 spots (queue=17)
10:04:31.255 QSO: TX slot=0 order=6 msg=[CQ POTA K1AF EM28]
10:04:31.265 serial.send[4]: TX1; | hex: 54 58 31 3B
10:04:31.271 serial.send: write completed OK
10:04:31.387 playFT8Signal: TX path branch: audioOutputDeviceId=-1 usbAudioOutputVidPid=0D8C:0012 volume=25% autoVolume=false
10:04:31.388 playFT8Signal: using USB audio (direct) output
10:04:31.389 playViaUsbAudio: start, VID=0D8C PID=0012 samples=151680 rate=12000
10:04:31.399 playViaUsbAudio: device opened, output activated at 48000 Hz
10:04:31.403 playViaUsbAudio: calling writeAudio playLength=151680 rate=12000
10:04:31.502 UsbAudioDevice: trying libusb native write fd=142 iface=1 alt=1 ep=0x01 maxPkt=200 bytes=2426880 outputRate=48000 ch=2
10:04:32.217 CQ_DEBUG i3=1 n3=7 to=[CQ] from=[UN0GY] extra=[MN83] modifier=[null] msgText=[CQ UN0GY MN83]
10:04:32.219 PskReporterSender: enqueued 1 spots (queue=18)
10:04:44.169 UsbAudioDevice: libusb native write OK
10:04:44.176 playViaUsbAudio: writeAudio returned OK
10:04:44.187 serial.send[4]: TX0; | hex: 54 58 30 3B
10:04:44.189 serial.send: write completed OK
10:04:44.864 DECODE: kept=0 ownEcho=1 junk=0 replyToMe=false slot=0
10:04:59.981 DECODE: kept=13 ownEcho=0 junk=0 replyToMe=false slot=1
10:04:59.983 CQ_DEBUG i3=1 n3=0 to=[CQ] from=[F4DIA] extra=[JN36] modifier=[null] msgText=[CQ F4DIA JN36]
10:04:59.984 QSO: cycle slot=0 order=6 newOrder=-1 to=CQ noReply=0/0
10:04:59.985 QSO: cycle(deep) slot=0 order=6 newOrder=-1 to=CQ noReply=0/0
10:04:59.987 PskReporterSender: enqueued 1 spots (queue=19)
10:05:00.701 QSO: cycle(deep) slot=0 order=6 newOrder=-1 to=CQ noReply=0/0
10:05:01.251 QSO: TX slot=0 order=6 msg=[CQ POTA K1AF EM28]
10:05:01.252 serial.send[4]: TX1; | hex: 54 58 31 3B
10:05:01.255 serial.send: write completed OK
10:05:01.378 playFT8Signal: TX path branch: audioOutputDeviceId=-1 usbAudioOutputVidPid=0D8C:0012 volume=25% autoVolume=false
10:05:01.380 playFT8Signal: using USB audio (direct) output
10:05:01.381 playViaUsbAudio: start, VID=0D8C PID=0012 samples=151680 rate=12000
10:05:01.394 playViaUsbAudio: device opened, output activated at 48000 Hz
10:05:01.398 playViaUsbAudio: calling writeAudio playLength=151680 rate=12000
10:05:01.480 UsbAudioDevice: trying libusb native write fd=142 iface=1 alt=1 ep=0x01 maxPkt=200 bytes=2426880 outputRate=48000 ch=2
10:05:03.339 PskReporterSender: enqueued 1 spots (queue=20)
10:05:11.808 Pota: spots ok N=22 (filter=FT8)
10:05:14.128 UsbAudioDevice: libusb native write OK
10:05:14.132 playViaUsbAudio: writeAudio returned OK
10:05:14.142 serial.send[4]: TX0; | hex: 54 58 30 3B
10:05:14.146 serial.send: write completed OK
10:05:14.862 DECODE: kept=0 ownEcho=1 junk=0 replyToMe=false slot=0
10:05:29.978 DECODE: kept=6 ownEcho=0 junk=0 replyToMe=false slot=1
10:05:29.980 CQ_DEBUG i3=1 n3=7 to=[CQ] from=[KC1QYX] extra=[FN43] modifier=[null] msgText=[CQ KC1QYX FN43]
10:05:29.982 QSO: cycle slot=0 order=6 newOrder=-1 to=CQ noReply=0/0
10:05:29.983 QSO: cycle(deep) slot=0 order=6 newOrder=-1 to=CQ noReply=0/0
10:05:30.713 CQ_DEBUG i3=1 n3=0 to=[CQ] from=[F4DIA] extra=[JN36] modifier=[null] msgText=[CQ F4DIA JN36]
10:05:30.715 QSO: cycle(deep) slot=0 order=6 newOrder=-1 to=CQ noReply=0/0
10:05:30.717 PskReporterSender: enqueued 1 spots (queue=21)
10:05:31.258 QSO: TX slot=0 order=6 msg=[CQ POTA K1AF EM28]
10:05:31.261 serial.send[4]: TX1; | hex: 54 58 31 3B
10:05:31.263 serial.send: write completed OK
10:05:31.388 playFT8Signal: TX path branch: audioOutputDeviceId=-1 usbAudioOutputVidPid=0D8C:0012 volume=25% autoVolume=false
10:05:31.390 playFT8Signal: using USB audio (direct) output
10:05:31.391 playViaUsbAudio: start, VID=0D8C PID=0012 samples=151680 rate=12000
10:05:31.403 playViaUsbAudio: device opened, output activated at 48000 Hz
10:05:31.406 playViaUsbAudio: calling writeAudio playLength=151680 rate=12000
10:05:31.530 UsbAudioDevice: trying libusb native write fd=142 iface=1 alt=1 ep=0x01 maxPkt=200 bytes=2426880 outputRate=48000 ch=2
10:05:32.125 PskReporterSender: enqueued 1 spots (queue=22)
10:05:44.180 UsbAudioDevice: libusb native write OK
10:05:44.185 playViaUsbAudio: writeAudio returned OK
10:05:44.193 serial.send[4]: TX0; | hex: 54 58 30 3B
10:05:44.201 serial.send: write completed OK
10:05:44.876 DECODE: kept=0 ownEcho=1 junk=0 replyToMe=false slot=0
10:05:47.078 QrzWeb: NN2D -> https://cdn-bio.qrz.com/d/nn2d/NN2D_QSL_Card_Front_png.jpg?p=f3ac19eb58ab4b1bea08a5fb90c1d2d6
10:06:00.040 DECODE: kept=10 ownEcho=0 junk=0 replyToMe=true slot=1
10:06:00.044 CQ_DEBUG i3=1 n3=0 to=[CQ] from=[F4DIA] extra=[JN36] modifier=[null] msgText=[CQ F4DIA JN36]
10:06:00.045 CQ_DEBUG i3=1 n3=7 to=[CQ] from=[KC1QYX] extra=[FN43] modifier=[null] msgText=[CQ KC1QYX FN43]
10:06:00.046 CQ_DEBUG i3=1 n3=7 to=[CQ] from=[UN0GY] extra=[MN83] modifier=[null] msgText=[CQ UN0GY MN83]
10:06:00.048 QSO: cycle slot=0 order=6 newOrder=-1 to=CQ noReply=0/0
10:06:00.053 QSO: cycle(deep) slot=0 order=6 newOrder=-1 to=CQ noReply=0/0
10:06:00.057 PskReporterSender: enqueued 3 spots (queue=25)
10:06:00.869 QSO: cycle(deep) slot=0 order=6 newOrder=-1 to=CQ noReply=0/0
10:06:01.254 QSO: TX slot=0 order=6 msg=[CQ POTA K1AF EM28]
10:06:01.258 serial.send[4]: TX1; | hex: 54 58 31 3B
10:06:01.264 serial.send: write completed OK
10:06:01.436 playFT8Signal: TX path branch: audioOutputDeviceId=-1 usbAudioOutputVidPid=0D8C:0012 volume=25% autoVolume=false
10:06:01.439 playFT8Signal: using USB audio (direct) output
10:06:01.439 playViaUsbAudio: start, VID=0D8C PID=0012 samples=151680 rate=12000
10:06:01.487 playViaUsbAudio: device opened, output activated at 48000 Hz
10:06:01.501 playViaUsbAudio: calling writeAudio playLength=151680 rate=12000
10:06:01.644 UsbAudioDevice: trying libusb native write fd=149 iface=1 alt=1 ep=0x01 maxPkt=200 bytes=2426880 outputRate=48000 ch=2
10:06:12.020 Pota: spots ok N=22 (filter=FT8)
10:06:14.295 UsbAudioDevice: libusb native write OK
10:06:14.305 playViaUsbAudio: writeAudio returned OK
10:06:14.315 serial.send[4]: TX0; | hex: 54 58 30 3B
10:06:14.321 serial.send: write completed OK
10:06:14.952 DECODE: kept=0 ownEcho=1 junk=0 replyToMe=false slot=0
10:06:29.941 DECODE: kept=4 ownEcho=0 junk=0 replyToMe=false slot=1
10:06:29.942 CQ_DEBUG i3=1 n3=0 to=[CQ] from=[F4DIA] extra=[JN36] modifier=[null] msgText=[CQ F4DIA JN36]
10:06:29.943 QSO: cycle slot=0 order=6 newOrder=-1 to=CQ noReply=0/0
10:06:29.944 QSO: cycle(deep) slot=0 order=6 newOrder=-1 to=CQ noReply=0/0
10:06:30.863 QSO: cycle(deep) slot=0 order=6 newOrder=-1 to=CQ noReply=0/0
10:06:31.258 QSO: TX slot=0 order=6 msg=[CQ POTA K1AF EM28]
10:06:31.263 serial.send[4]: TX1; | hex: 54 58 31 3B
10:06:31.281 serial.send: write completed OK
10:06:31.397 playFT8Signal: TX path branch: audioOutputDeviceId=-1 usbAudioOutputVidPid=0D8C:0012 volume=25% autoVolume=false
10:06:31.398 playFT8Signal: using USB audio (direct) output
10:06:31.398 playViaUsbAudio: start, VID=0D8C PID=0012 samples=151680 rate=12000
10:06:31.412 playViaUsbAudio: device opened, output activated at 48000 Hz
10:06:31.417 playViaUsbAudio: calling writeAudio playLength=151680 rate=12000
10:06:31.687 UsbAudioDevice: trying libusb native write fd=149 iface=1 alt=1 ep=0x01 maxPkt=200 bytes=2426880 outputRate=48000 ch=2
10:06:44.361 UsbAudioDevice: libusb native write OK
10:06:44.363 playViaUsbAudio: writeAudio returned OK
10:06:44.367 serial.send[4]: TX0; | hex: 54 58 30 3B
10:06:44.369 serial.send: write completed OK
10:06:44.896 DECODE: kept=0 ownEcho=1 junk=0 replyToMe=false slot=0
10:07:00.110 DECODE: kept=8 ownEcho=0 junk=0 replyToMe=false slot=1
10:07:00.113 QSO: cycle slot=0 order=6 newOrder=-1 to=CQ noReply=0/0
10:07:00.116 PskReporterSender: enqueued 1 spots (queue=26)
10:07:00.887 QSO: cycle(deep) slot=0 order=6 newOrder=-1 to=CQ noReply=0/0
10:07:01.258 QSO: TX slot=0 order=6 msg=[CQ POTA K1AF EM28]
10:07:01.260 serial.send[4]: TX1; | hex: 54 58 31 3B
10:07:01.262 serial.send: write completed OK
10:07:01.406 playFT8Signal: TX path branch: audioOutputDeviceId=-1 usbAudioOutputVidPid=0D8C:0012 volume=25% autoVolume=false
10:07:01.409 playFT8Signal: using USB audio (direct) output
10:07:01.411 playViaUsbAudio: start, VID=0D8C PID=0012 samples=151680 rate=12000
10:07:01.434 playViaUsbAudio: device opened, output activated at 48000 Hz
10:07:01.439 playViaUsbAudio: calling writeAudio playLength=151680 rate=12000
10:07:01.518 UsbAudioDevice: trying libusb native write fd=153 iface=1 alt=1 ep=0x01 maxPkt=200 bytes=2426880 outputRate=48000 ch=2
10:07:12.243 Pota: spots ok N=25 (filter=FT8)
10:07:14.177 UsbAudioDevice: libusb native write OK
10:07:14.179 playViaUsbAudio: writeAudio returned OK
10:07:14.186 serial.send[4]: TX0; | hex: 54 58 30 3B
10:07:14.188 serial.send: write completed OK
10:07:14.884 DECODE: kept=0 ownEcho=1 junk=0 replyToMe=false slot=0
10:07:19.816 PskReporterSender: sent 1 packet(s) with 26 spots
10:07:29.999 DECODE: kept=9 ownEcho=0 junk=0 replyToMe=true slot=1
10:07:30.001 CQ_DEBUG i3=1 n3=7 to=[CQ] from=[UN0GY] extra=[MN83] modifier=[null] msgText=[CQ UN0GY MN83]
10:07:30.002 QSO: cycle slot=0 order=6 newOrder=-1 to=CQ noReply=0/0
10:07:30.003 QSO: setTransmit to=W9AKS order=2 slot=0
10:07:30.004 QSO: cycle(deep) slot=0 order=2 newOrder=-1 to=W9AKS noReply=0/0
10:07:30.007 PskReporterSender: enqueued 1 spots (queue=1)
10:07:30.809 QSO: cycle(deep) slot=0 order=2 newOrder=-1 to=W9AKS noReply=0/0
10:07:31.265 QSO: TX slot=0 order=2 msg=[W9AKS K1AF -13]
10:07:31.276 serial.send[4]: TX1; | hex: 54 58 31 3B
10:07:31.280 serial.send: write completed OK
10:07:31.412 playFT8Signal: TX path branch: audioOutputDeviceId=-1 usbAudioOutputVidPid=0D8C:0012 volume=25% autoVolume=false
10:07:31.413 playFT8Signal: using USB audio (direct) output
10:07:31.414 playViaUsbAudio: start, VID=0D8C PID=0012 samples=151680 rate=12000
10:07:31.427 playViaUsbAudio: device opened, output activated at 48000 Hz
10:07:31.431 playViaUsbAudio: calling writeAudio playLength=151680 rate=12000
10:07:31.483 UsbAudioDevice: trying libusb native write fd=149 iface=1 alt=1 ep=0x01 maxPkt=200 bytes=2426880 outputRate=48000 ch=2
10:07:44.130 UsbAudioDevice: libusb native write OK
10:07:44.132 playViaUsbAudio: writeAudio returned OK
10:07:44.136 serial.send[4]: TX0; | hex: 54 58 30 3B
10:07:44.138 serial.send: write completed OK
10:07:44.876 DECODE: kept=0 ownEcho=1 junk=0 replyToMe=false slot=0
10:07:59.958 DECODE: kept=3 ownEcho=0 junk=0 replyToMe=true slot=1
10:07:59.959 QSO: cycle slot=0 order=2 newOrder=3 to=W9AKS noReply=0/0
10:07:59.960 QSO: advance order 2->4 with W9AKS
10:08:01.098 CQ_DEBUG i3=1 n3=7 to=[CQ] from=[UN0GY] extra=[MN83] modifier=[null] msgText=[CQ UN0GY MN83]
10:08:01.101 QSO: cycle(deep) slot=0 order=4 newOrder=-1 to=W9AKS noReply=0/0
10:08:01.104 PskReporterSender: enqueued 1 spots (queue=2)
10:08:01.260 QSO: TX slot=0 order=4 msg=[W9AKS K1AF RR73]
10:08:01.263 serial.send[4]: TX1; | hex: 54 58 31 3B
10:08:01.276 serial.send: write completed OK
10:08:01.398 playFT8Signal: TX path branch: audioOutputDeviceId=-1 usbAudioOutputVidPid=0D8C:0012 volume=25% autoVolume=false
10:08:01.401 playFT8Signal: using USB audio (direct) output
10:08:01.403 playViaUsbAudio: start, VID=0D8C PID=0012 samples=151680 rate=12000
10:08:01.424 playViaUsbAudio: device opened, output activated at 48000 Hz
10:08:01.427 playViaUsbAudio: calling writeAudio playLength=151680 rate=12000
10:08:01.475 UsbAudioDevice: trying libusb native write fd=153 iface=1 alt=1 ep=0x01 maxPkt=200 bytes=2426880 outputRate=48000 ch=2
10:08:12.482 Pota: spots ok N=23 (filter=FT8)
10:08:14.128 UsbAudioDevice: libusb native write OK
10:08:14.130 playViaUsbAudio: writeAudio returned OK
10:08:14.136 serial.send[4]: TX0; | hex: 54 58 30 3B
10:08:14.138 serial.send: write completed OK
10:08:14.894 DECODE: kept=0 ownEcho=1 junk=0 replyToMe=false slot=0
10:08:29.967 DECODE: kept=2 ownEcho=0 junk=0 replyToMe=true slot=1
10:08:29.969 QSO: cycle slot=0 order=4 newOrder=5 to=W9AKS noReply=0/0
10:08:29.970 QSO: complete with W9AKS (order=4 newOrder=5) -> reset to CQ
10:08:30.808 QSO: cycle(deep) slot=0 order=6 newOrder=-1 to=CQ noReply=0/0
10:08:30.810 PskReporterSender: enqueued 1 spots (queue=3)
10:08:31.029 QrzWeb: W9AKS -> https://s3.amazonaws.com/files.qrz.com/static/qrz/qrz_com200x150.jpg
10:08:31.257 QSO: TX slot=0 order=6 msg=[CQ POTA K1AF EM28]
10:08:31.259 serial.send[4]: TX1; | hex: 54 58 31 3B
10:08:31.261 serial.send: write completed OK
10:08:31.382 playFT8Signal: TX path branch: audioOutputDeviceId=-1 usbAudioOutputVidPid=0D8C:0012 volume=25% autoVolume=false
10:08:31.383 playFT8Signal: using USB audio (direct) output
10:08:31.384 playViaUsbAudio: start, VID=0D8C PID=0012 samples=151680 rate=12000
10:08:31.395 playViaUsbAudio: device opened, output activated at 48000 Hz
10:08:31.399 playViaUsbAudio: calling writeAudio playLength=151680 rate=12000
10:08:31.543 UsbAudioDevice: trying libusb native write fd=149 iface=1 alt=1 ep=0x01 maxPkt=200 bytes=2426880 outputRate=48000 ch=2
10:08:44.194 UsbAudioDevice: libusb native write OK
10:08:44.196 playViaUsbAudio: writeAudio returned OK
10:08:44.202 serial.send[4]: TX0; | hex: 54 58 30 3B
10:08:44.206 serial.send: write completed OK
10:08:44.961 DECODE: kept=0 ownEcho=1 junk=0 replyToMe=false slot=0
10:08:59.907 DECODE: kept=1 ownEcho=0 junk=0 replyToMe=false slot=1
10:08:59.911 QSO: cycle slot=0 order=6 newOrder=-1 to=CQ noReply=0/0
10:08:59.912 QSO: cycle(deep) slot=0 order=6 newOrder=-1 to=CQ noReply=0/0
10:09:01.254 QSO: TX slot=0 order=6 msg=[CQ POTA K1AF EM28]
10:09:01.261 serial.send[4]: TX1; | hex: 54 58 31 3B
10:09:01.266 serial.send: write completed OK
10:09:01.416 playFT8Signal: TX path branch: audioOutputDeviceId=-1 usbAudioOutputVidPid=0D8C:0012 volume=25% autoVolume=false
10:09:01.419 playFT8Signal: using USB audio (direct) output
10:09:01.421 playViaUsbAudio: start, VID=0D8C PID=0012 samples=151680 rate=12000
10:09:01.431 playViaUsbAudio: device opened, output activated at 48000 Hz
10:09:01.434 playViaUsbAudio: calling writeAudio playLength=151680 rate=12000
10:09:01.478 UsbAudioDevice: trying libusb native write fd=158 iface=1 alt=1 ep=0x01 maxPkt=200 bytes=2426880 outputRate=48000 ch=2
10:09:07.392 PskReporter: fetch start call=K1AF secondsBack=3600 mode=FT8 byReceiver=false
10:09:08.597 PskReporter: parse: skipped noGrid=0 badGrid=140 badAttr=0
10:09:08.598 PskReporter: fetch ok N=417
10:09:12.542 Pota: spots ok N=22 (filter=FT8)
10:09:14.130 UsbAudioDevice: libusb native write OK
10:09:14.132 playViaUsbAudio: writeAudio returned OK
10:09:14.140 serial.send[4]: TX0; | hex: 54 58 30 3B
10:09:14.144 serial.send: write completed OK
10:09:14.877 DECODE: kept=0 ownEcho=1 junk=0 replyToMe=false slot=0
10:09:30.771 QSO: cycle(deep) slot=0 order=6 newOrder=-1 to=CQ noReply=0/0
10:09:31.266 QSO: TX slot=0 order=6 msg=[CQ POTA K1AF EM28]
10:09:31.269 serial.send[4]: TX1; | hex: 54 58 31 3B
10:09:31.272 serial.send: write completed OK
10:09:31.399 playFT8Signal: TX path branch: audioOutputDeviceId=-1 usbAudioOutputVidPid=0D8C:0012 volume=25% autoVolume=false
10:09:31.400 playFT8Signal: using USB audio (direct) output
10:09:31.400 playViaUsbAudio: start, VID=0D8C PID=0012 samples=151680 rate=12000
10:09:31.517 playViaUsbAudio: device opened, output activated at 48000 Hz
10:09:31.532 playViaUsbAudio: calling writeAudio playLength=151680 rate=12000
10:09:31.584 UsbAudioDevice: trying libusb native write fd=161 iface=1 alt=1 ep=0x01 maxPkt=200 bytes=2426880 outputRate=48000 ch=2
10:09:44.234 UsbAudioDevice: libusb native write OK
10:09:44.237 playViaUsbAudio: writeAudio returned OK
10:09:44.245 serial.send[4]: TX0; | hex: 54 58 30 3B
10:09:44.250 serial.send: write completed OK
10:09:44.992 DECODE: kept=0 ownEcho=1 junk=0 replyToMe=false slot=0
10:10:01.257 QSO: TX slot=0 order=6 msg=[CQ POTA K1AF EM28]
10:10:01.264 serial.send[4]: TX1; | hex: 54 58 31 3B
10:10:01.268 serial.send: write completed OK
10:10:01.395 playFT8Signal: TX path branch: audioOutputDeviceId=-1 usbAudioOutputVidPid=0D8C:0012 volume=25% autoVolume=false
10:10:01.397 playFT8Signal: using USB audio (direct) output
10:10:01.398 playViaUsbAudio: start, VID=0D8C PID=0012 samples=151680 rate=12000
10:10:01.407 playViaUsbAudio: device opened, output activated at 48000 Hz
10:10:01.409 playViaUsbAudio: calling writeAudio playLength=151680 rate=12000
10:10:01.496 UsbAudioDevice: trying libusb native write fd=146 iface=1 alt=1 ep=0x01 maxPkt=200 bytes=2426880 outputRate=48000 ch=2
10:10:12.862 Pota: spots ok N=21 (filter=FT8)
10:10:14.142 UsbAudioDevice: libusb native write OK
10:10:14.148 playViaUsbAudio: writeAudio returned OK
10:10:14.157 serial.send[4]: TX0; | hex: 54 58 30 3B
10:10:14.162 serial.send: write completed OK
10:10:15.001 DECODE: kept=0 ownEcho=1 junk=0 replyToMe=false slot=0
10:10:31.263 QSO: TX slot=0 order=6 msg=[CQ POTA K1AF EM28]
10:10:31.268 serial.send[4]: TX1; | hex: 54 58 31 3B
10:10:31.275 serial.send: write completed OK
10:10:31.416 playFT8Signal: TX path branch: audioOutputDeviceId=-1 usbAudioOutputVidPid=0D8C:0012 volume=25% autoVolume=false
10:10:31.419 playFT8Signal: using USB audio (direct) output
10:10:31.423 playViaUsbAudio: start, VID=0D8C PID=0012 samples=151680 rate=12000
10:10:31.440 playViaUsbAudio: device opened, output activated at 48000 Hz
10:10:31.448 playViaUsbAudio: calling writeAudio playLength=151680 rate=12000
10:10:31.495 UsbAudioDevice: trying libusb native write fd=149 iface=1 alt=1 ep=0x01 maxPkt=200 bytes=2426880 outputRate=48000 ch=2
10:10:44.142 UsbAudioDevice: libusb native write OK
10:10:44.144 playViaUsbAudio: writeAudio returned OK
10:10:44.147 serial.send[4]: TX0; | hex: 54 58 30 3B
10:10:44.150 serial.send: write completed OK
10:10:44.881 DECODE: kept=0 ownEcho=1 junk=0 replyToMe=false slot=0
10:10:59.963 DECODE: kept=3 ownEcho=0 junk=0 replyToMe=false slot=1
10:10:59.966 CQ_DEBUG i3=1 n3=5 to=[CQ] from=[KM6BYW] extra=[DM13] modifier=[null] msgText=[CQ KM6BYW DM13]
10:10:59.967 QSO: cycle slot=0 order=6 newOrder=-1 to=CQ noReply=0/0
10:10:59.969 PskReporterSender: enqueued 3 spots (queue=6)
10:11:00.911 QSO: cycle(deep) slot=0 order=6 newOrder=-1 to=CQ noReply=0/0
10:11:01.255 QSO: TX slot=0 order=6 msg=[CQ POTA K1AF EM28]
10:11:01.259 serial.send[4]: TX1; | hex: 54 58 31 3B
10:11:01.264 serial.send: write completed OK
10:11:01.375 playFT8Signal: TX path branch: audioOutputDeviceId=-1 usbAudioOutputVidPid=0D8C:0012 volume=25% autoVolume=false
10:11:01.376 playFT8Signal: using USB audio (direct) output
10:11:01.377 playViaUsbAudio: start, VID=0D8C PID=0012 samples=151680 rate=12000
10:11:01.388 playViaUsbAudio: device opened, output activated at 48000 Hz
10:11:01.390 playViaUsbAudio: calling writeAudio playLength=151680 rate=12000
10:11:01.433 UsbAudioDevice: trying libusb native write fd=146 iface=1 alt=1 ep=0x01 maxPkt=200 bytes=2426880 outputRate=48000 ch=2
10:11:12.936 Pota: spots ok N=23 (filter=FT8)
10:11:14.100 UsbAudioDevice: libusb native write OK
10:11:14.102 playViaUsbAudio: writeAudio returned OK
10:11:14.107 serial.send[4]: TX0; | hex: 54 58 30 3B
10:11:14.110 serial.send: write completed OK
10:11:15.140 DECODE: kept=0 ownEcho=1 junk=0 replyToMe=false slot=0
10:11:30.856 CQ_DEBUG i3=1 n3=5 to=[CQ] from=[KM6BYW] extra=[DM13] modifier=[null] msgText=[CQ KM6BYW DM13]
10:11:30.857 QSO: cycle(deep) slot=0 order=6 newOrder=-1 to=CQ noReply=0/0
10:11:31.264 QSO: TX slot=0 order=6 msg=[CQ POTA K1AF EM28]
10:11:31.266 serial.send[4]: TX1; | hex: 54 58 31 3B
10:11:31.282 serial.send: write completed OK
10:11:31.410 playFT8Signal: TX path branch: audioOutputDeviceId=-1 usbAudioOutputVidPid=0D8C:0012 volume=25% autoVolume=false
10:11:31.411 playFT8Signal: using USB audio (direct) output
10:11:31.412 playViaUsbAudio: start, VID=0D8C PID=0012 samples=151680 rate=12000
10:11:31.423 playViaUsbAudio: device opened, output activated at 48000 Hz
10:11:31.425 playViaUsbAudio: calling writeAudio playLength=151680 rate=12000
10:11:31.472 UsbAudioDevice: trying libusb native write fd=146 iface=1 alt=1 ep=0x01 maxPkt=200 bytes=2426880 outputRate=48000 ch=2
10:11:44.125 UsbAudioDevice: libusb native write OK
10:11:44.131 playViaUsbAudio: writeAudio returned OK
10:11:44.137 serial.send[4]: TX0; | hex: 54 58 30 3B
10:11:44.140 serial.send: write completed OK
10:11:44.946 DECODE: kept=0 ownEcho=1 junk=0 replyToMe=false slot=0
10:11:59.940 DECODE: kept=3 ownEcho=0 junk=0 replyToMe=true slot=1
10:11:59.946 QSO: cycle slot=0 order=6 newOrder=-1 to=CQ noReply=0/0
10:11:59.953 QSO: setTransmit to=K1BZ order=3 slot=0
10:11:59.955 PskReporterSender: enqueued 2 spots (queue=8)
10:12:00.830 CQ_DEBUG i3=4 n3=1 to=[CQ] from=[FS/F4EQE] extra=[] modifier=[null] msgText=[CQ FS/F4EQE]
10:12:00.834 QSO: cycle(deep) slot=0 order=3 newOrder=-1 to=K1BZ noReply=0/0
10:12:00.851 PskReporterSender: enqueued 2 spots (queue=10)
10:12:01.258 QSO: TX slot=0 order=3 msg=[K1BZ K1AF R-16]
10:12:01.260 serial.send[4]: TX1; | hex: 54 58 31 3B
10:12:01.264 serial.send: write completed OK
10:12:01.378 playFT8Signal: TX path branch: audioOutputDeviceId=-1 usbAudioOutputVidPid=0D8C:0012 volume=25% autoVolume=false
10:12:01.379 playFT8Signal: using USB audio (direct) output
10:12:01.380 playViaUsbAudio: start, VID=0D8C PID=0012 samples=151680 rate=12000
10:12:01.391 playViaUsbAudio: device opened, output activated at 48000 Hz
10:12:01.393 playViaUsbAudio: calling writeAudio playLength=151680 rate=12000
10:12:01.430 UsbAudioDevice: trying libusb native write fd=146 iface=1 alt=1 ep=0x01 maxPkt=200 bytes=2426880 outputRate=48000 ch=2
10:12:02.260 PskReporterSender: enqueued 1 spots (queue=11)
10:12:12.990 Pota: spots ok N=24 (filter=FT8)
10:12:14.079 UsbAudioDevice: libusb native write OK
10:12:14.081 playViaUsbAudio: writeAudio returned OK
10:12:14.091 serial.send[4]: TX0; | hex: 54 58 30 3B
10:12:14.096 serial.send: write completed OK
10:12:15.111 DECODE: kept=0 ownEcho=1 junk=0 replyToMe=false slot=0
10:12:15.818 PskReporterSender: sent 1 packet(s) with 11 spots
10:12:31.158 CQ_DEBUG i3=1 n3=5 to=[CQ] from=[KM6BYW] extra=[DM13] modifier=[null] msgText=[CQ KM6BYW DM13]
10:12:31.162 QSO: cycle(deep) slot=0 order=3 newOrder=-1 to=K1BZ noReply=0/0
10:12:31.163 QSO: cycle(deep) slot=0 order=3 newOrder=-1 to=K1BZ noReply=0/0
10:12:31.260 QSO: TX slot=0 order=3 msg=[K1BZ K1AF R-16]
10:12:31.262 serial.send[4]: TX1; | hex: 54 58 31 3B
10:12:31.266 serial.send: write completed OK
10:12:31.386 playFT8Signal: TX path branch: audioOutputDeviceId=-1 usbAudioOutputVidPid=0D8C:0012 volume=25% autoVolume=false
10:12:31.397 playFT8Signal: using USB audio (direct) output
10:12:31.398 playViaUsbAudio: start, VID=0D8C PID=0012 samples=151680 rate=12000
10:12:31.433 playViaUsbAudio: device opened, output activated at 48000 Hz
10:12:31.435 playViaUsbAudio: calling writeAudio playLength=151680 rate=12000
10:12:31.484 UsbAudioDevice: trying libusb native write fd=146 iface=1 alt=1 ep=0x01 maxPkt=200 bytes=2426880 outputRate=48000 ch=2
10:12:44.153 UsbAudioDevice: libusb native write OK
10:12:44.154 playViaUsbAudio: writeAudio returned OK
10:12:44.160 serial.send[4]: TX0; | hex: 54 58 30 3B
10:12:44.164 serial.send: write completed OK
10:12:44.928 DECODE: kept=0 ownEcho=1 junk=0 replyToMe=false slot=0
10:12:59.976 DECODE: kept=5 ownEcho=0 junk=0 replyToMe=false slot=1
10:12:59.979 QSO: cycle slot=0 order=3 newOrder=-1 to=K1BZ noReply=0/0
10:12:59.980 QSO: no-reply 1 (order=3 to=K1BZ)
10:12:59.982 PskReporterSender: enqueued 2 spots (queue=2)
10:13:00.826 QSO: cycle(deep) slot=0 order=3 newOrder=4 to=K1BZ noReply=1/0
10:13:00.831 QSO: rx RR73 from K1BZ -> reply 73
10:13:01.261 QSO: TX slot=0 order=5 msg=[K1BZ K1AF 73]
10:13:01.263 serial.send[4]: TX1; | hex: 54 58 31 3B
10:13:01.268 serial.send: write completed OK
10:13:01.422 playFT8Signal: TX path branch: audioOutputDeviceId=-1 usbAudioOutputVidPid=0D8C:0012 volume=25% autoVolume=false
10:13:01.426 playFT8Signal: using USB audio (direct) output
10:13:01.428 playViaUsbAudio: start, VID=0D8C PID=0012 samples=151680 rate=12000
10:13:01.451 playViaUsbAudio: device opened, output activated at 48000 Hz
10:13:01.457 playViaUsbAudio: calling writeAudio playLength=151680 rate=12000
10:13:01.591 UsbAudioDevice: trying libusb native write fd=161 iface=1 alt=1 ep=0x01 maxPkt=200 bytes=2426880 outputRate=48000 ch=2
10:13:04.274 PskReporterSender: enqueued 1 spots (queue=3)
10:13:13.075 Pota: spots ok N=23 (filter=FT8)
10:13:14.235 UsbAudioDevice: libusb native write OK
10:13:14.238 playViaUsbAudio: writeAudio returned OK
10:13:14.244 serial.send[4]: TX0; | hex: 54 58 30 3B
10:13:14.246 serial.send: write completed OK
10:13:14.980 DECODE: kept=0 ownEcho=1 junk=0 replyToMe=false slot=0
10:13:17.062 QrzWeb: K1BZ -> https://cdn-bio.qrz.com/z/k1bz/2014_03_30_DL_K1BZ_010_2_.JPG?p=3aac49f852a0c71b6375af78eae29bac
10:13:18.334 Pota: end ref=US-12398 id=1 qsoCount=15 restoredModifier=''
10:13:20.936 QrzWeb: KC4WQ -> https://cdn-bio.qrz.com/q/kc4wq/0190524_BARS_Antenna_Contest_27_.JPG?p=0e8f328a24068becf0f3bceb7ef75e31
10:13:21.106 QrzWeb: N8PFK -> https://cdn-bio.qrz.com/k/n8pfk/N8PFK_GA.jpg?p=f1c5d42328bd464409174d7128710804
10:13:30.182 DECODE: kept=5 ownEcho=0 junk=0 replyToMe=false slot=1
10:13:30.185 QSO: cycle slot=0 order=5 newOrder=-1 to=K1BZ noReply=0/0
10:13:30.205 QSO: complete with K1BZ (order=5 newOrder=-1) -> reset to CQ
10:13:30.206 QSO: cycle(deep) slot=0 order=6 newOrder=-1 to=CQ noReply=0/0
10:13:30.216 PskReporterSender: enqueued 1 spots (queue=4)
10:13:31.524 QSO: cycle(deep) slot=0 order=6 newOrder=-1 to=CQ noReply=0/0
10:13:35.318 UsbAudioDevice: libusb capture stopped, code=2004 (resubmit failed: rc=-4 NO_DEVICE)
10:13:35.320 startUsbCapture: capture STOPPED (sawData=true aliveMs=2837226 failure=false consecFailures=0)
10:13:35.359 openUsbAudioInput: found device 0D8C:0012 name=USB Audio Device
10:13:35.372 openUsbAudioInput: UsbAudioDevice.open() FAILED (descriptor parse or claimInterface failed)
10:13:35.376 MicRecorder: reinit AudioRecord(VOICE_RECOGNITION)
10:13:35.474 usbDetach: vid=10c4 pid=ea70
10:13:36.063 openUsbAudioInput: device not found by VID:PID 0D8C:0012
10:13:36.065 MicRecorder: reinit AudioRecord(VOICE_RECOGNITION)
10:13:36.152 usbDetach: vid=d8c pid=12
10:13:36.368 openUsbAudioInput: device not found by VID:PID 0D8C:0012
10:13:36.369 MicRecorder: reinit AudioRecord(VOICE_RECOGNITION)
10:14:13.166 Pota: spots ok N=23 (filter=FT8)
10:14:30.988 QSO: cycle(deep) slot=0 order=6 newOrder=-1 to=CQ noReply=0/0
10:14:30.991 PskReporterSender: enqueued 1 spots (queue=5)
10:15:08.029 QsoAutoSync: nothing pending (network-available)
10:15:13.343 Pota: spots ok N=24 (filter=FT8)
10:16:13.895 Pota: spots ok N=24 (filter=FT8)
10:17:13.998 Pota: spots ok N=25 (filter=FT8)
10:17:26.063 PskReporterSender: sent 1 packet(s) with 5 spots
10:18:14.041 Pota: spots ok N=27 (filter=FT8)
10:19:14.106 Pota: spots ok N=27 (filter=FT8)
10:19:47.045 QSO: cycle(deep) slot=0 order=6 newOrder=-1 to=CQ noReply=0/0
10:19:47.066 PskReporterSender: enqueued 1 spots (queue=1)
10:20:14.164 Pota: spots ok N=26 (filter=FT8)
10:21:14.215 Pota: spots ok N=26 (filter=FT8)
10:22:14.254 Pota: spots ok N=25 (filter=FT8)
10:22:25.882 PskReporterSender: sent 1 packet(s) with 1 spots
10:23:00.415 QSO: cycle(deep) slot=0 order=6 newOrder=-1 to=CQ noReply=0/0
10:23:00.417 PskReporterSender: enqueued 1 spots (queue=1)
10:23:14.303 Pota: spots ok N=24 (filter=FT8)
10:24:14.336 Pota: spots ok N=25 (filter=FT8)
10:24:15.356 QSO: cycle(deep) slot=0 order=6 newOrder=-1 to=CQ noReply=0/0
10:24:15.357 PskReporterSender: enqueued 1 spots (queue=2)
10:24:30.368 QSO: cycle(deep) slot=0 order=6 newOrder=-1 to=CQ noReply=0/0
10:25:08.638 RxForegroundService: notification Exit tapped
